"","species","GRTS.Cell.ID","Quadrant","detection"
"1","ANPA",986,"NE",NA
"2","ANPA",986,"SE",NA
"3","ANPA",1194,"NW",NA
"4","ANPA",1194,"SW2",NA
"5","ANPA",5994,"NE",NA
"6","ANPA",5994,"SE",NA
"7","ANPA",6202,"NE",NA
"8","ANPA",6202,"SW",NA
"9","ANPA",9466,"NE",NA
"10","ANPA",9466,"NW",NA
"11","ANPA",9466,"SE",NA
"12","ANPA",9466,"SW",NA
"13","ANPA",9466,"Transects",NA
"14","ANPA",12522,"NW",NA
"15","ANPA",12522,"SE",NA
"16","ANPA",16426,"NE",NA
"17","ANPA",16426,"SE",NA
"18","ANPA",17706,"NW",NA
"19","ANPA",17706,"SE",NA
"20","ANPA",17706,"Transects",NA
"21","ANPA",19514,"SW",NA
"22","ANPA",20330,"NE",NA
"23","ANPA",20330,"SE",NA
"24","ANPA",20330,"SW1",NA
"25","ANPA",20330,"SW2",NA
"26","ANPA",20730,"NE",NA
"27","ANPA",20730,"NW",NA
"28","ANPA",20730,"SE",NA
"29","ANPA",20730,"SW",NA
"30","ANPA",20730,"Transects",NA
"31","ANPA",26170,"NE",NA
"32","ANPA",26170,"NW",NA
"33","ANPA",26170,"SE",NA
"34","ANPA",26170,"SW",NA
"35","ANPA",37274,"NE",NA
"36","ANPA",37274,"SE",NA
"37","ANPA",37274,"SW",NA
"38","ANPA",42026,"NE",NA
"39","ANPA",42026,"NW",NA
"40","ANPA",42026,"SE",NA
"41","ANPA",42026,"SW",NA
"42","ANPA",47210,"NE",NA
"43","ANPA",47210,"NW",NA
"44","ANPA",47210,"SE",NA
"45","ANPA",47322,"NE",NA
"46","ANPA",47322,"NW",NA
"47","ANPA",47322,"SW",NA
"48","ANPA",47322,"Transects",NA
"49","ANPA",58842,"NW",NA
"50","ANPA",58842,"SE",NA
"51","ANPA",58842,"SW",NA
"52","ANPA",60586,"NW",NA
"53","ANPA",60586,"SW",NA
"54","ANPA",60586,"Transects",NA
"55","ANPA",70250,"NW",NA
"56","ANPA",70250,"Transects",NA
"57","ANPA",73002,"NE",NA
"58","ANPA",73002,"SE",NA
"59","ANPA",73002,"SW",NA
"60","ANPA",73002,"Transects",NA
"61","ANPA",73786,"NW",NA
"62","ANPA",73786,"SE",NA
"63","ANPA",73786,"Transects",NA
"64","ANPA",77162,"NW1",NA
"65","ANPA",77162,"NW2",NA
"66","ANPA",77162,"SW",NA
"67","ANPA",77162,"Transects",NA
"68","ANPA",79018,"NE",NA
"69","ANPA",79018,"NW",NA
"70","ANPA",79018,"SE",NA
"71","ANPA",79018,"SW",NA
"72","ANPA",79018,"Transects",NA
"73","ANPA",86074,"NE",NA
"74","ANPA",86074,"SW",NA
"75","ANPA",89962,"NE",NA
"76","ANPA",89962,"SE","○"
"77","ANPA",89962,"SW",NA
"78","ANPA",93290,"NW","●"
"79","ANPA",93290,"SE",NA
"80","ANPA",93290,"SW","●"
"81","ANPA",93290,"Transects",NA
"82","ANPA",110378,"NE","●"
"83","ANPA",110378,"NW",NA
"84","ANPA",110378,"SE",NA
"85","ANPA",110378,"SW",NA
"86","ANPA",114602,"NE",NA
"87","ANPA",114602,"NW",NA
"88","ANPA",114602,"SE",NA
"89","ANPA",114602,"SW",NA
"90","ANPA",115322,"NW",NA
"91","ANPA",115322,"SE",NA
"92","ANPA",115322,"SW",NA
"93","ANPA",127850,"NW",NA
"94","ANPA",127850,"SE1",NA
"95","ANPA",127850,"SW",NA
"96","ANPA",132650,"SE",NA
"97","ANPA",132650,"SW",NA
"98","ANPA",143274,"NE",NA
"99","ANPA",143274,"NW",NA
"100","ANPA",143274,"SE",NA
"101","ANPA",143274,"SW",NA
"102","ANPA",145578,"NE","○"
"103","ANPA",145578,"NW",NA
"104","ANPA",145578,"SE",NA
"105","ANPA",145578,"SW",NA
"106","ANPA",147306,"NE1",NA
"107","ANPA",147306,"NE2",NA
"108","ANPA",147306,"SE1",NA
"109","ANPA",147306,"SE2",NA
"110","ANPA",147306,"Transects",NA
"111","ANPA",151210,"NE",NA
"112","ANPA",175354,"SW",NA
"113","ANPA",186330,"NE",NA
"114","ANPA",186330,"NW",NA
"115","ANPA",186490,"NW",NA
"116","ANPA",186490,"SW",NA
"117","ANPA",194666,"NE",NA
"118","ANPA",194666,"SE1",NA
"119","ANPA",194666,"SE2",NA
"120","ANPA",195242,"SE",NA
"121","ANPA",195242,"SE2",NA
"122","ANPA",195242,"SW",NA
"123","ANPA",195242,"SW2",NA
"124","ANPA",195242,"SW3",NA
"125","ANPA",206394,"NE",NA
"126","ANPA",206394,"NW",NA
"127","ANPA",206394,"SE",NA
"128","ANPA",206394,"SW",NA
"129","ANPA",212266,"NE",NA
"130","ANPA",212266,"NW",NA
"131","ANPA",212266,"SE",NA
"132","ANPA",212266,"SW","○"
"133","ANPA",212266,"Transects",NA
"134","ANPA",212906,"NW",NA
"135","ANPA",212906,"SE",NA
"136","ANPA",212906,"SW",NA
"137","ANPA",216746,"NW",NA
"138","ANPA",216746,"SE",NA
"139","ANPA",216746,"SW1",NA
"140","ANPA",216746,"SW2",NA
"141","ANPA",218282,"SE",NA
"142","ANPA",218282,"SW",NA
"143","ANPA",219626,"SW",NA
"144","ANPA",230186,"NE",NA
"145","ANPA",230186,"SE",NA
"146","ANPA",230186,"Transects",NA
"147","ANPA",241002,"NE",NA
"148","ANPA",241002,"NW",NA
"149","ANPA",241002,"Transects",NA
"150","ANPA",243562,"NE",NA
"151","ANPA",243562,"SE",NA
"152","ANPA",243562,"SW2",NA
"153","ANPA",252394,"NW",NA
"154","ANPA",265749,"NW",NA
"155","ANPA",265749,"SE",NA
"156","ANPA",265749,"SW",NA
"157","ANPA",268521,"NE",NA
"158","ANPA",268521,"NW",NA
"159","ANPA",268521,"SE",NA
"160","ANPA",268521,"Transects",NA
"161","ANPA",271731,"SE1",NA
"162","ANPA",271731,"SE2",NA
"163","ANPA",271731,"SW",NA
"164","ANPA",273050,"NE",NA
"165","ANPA",273050,"NE2",NA
"166","ANPA",273050,"SE1",NA
"167","ANPA",273050,"SE2",NA
"168","ANPA",283586,"NE",NA
"169","ANPA",283586,"NW",NA
"170","ANPA",283586,"SE",NA
"171","ANPA",283586,"SW",NA
"172","ANPA",294832,"NE",NA
"173","ANPA",294832,"NW",NA
"174","ANPA",294832,"SE",NA
"175","ANPA",294832,"SW",NA
"176","ANPA",294832,"Transects",NA
"177","ANPA",317428,"NE",NA
"178","ANPA",317428,"NW",NA
"179","ANPA",317428,"SE",NA
"180","ANPA",326072,"NW",NA
"181","ANPA",326072,"SW",NA
"182","ANPA",326072,"Transects",NA
"183","COTO",986,"NE",NA
"184","COTO",986,"SE",NA
"185","COTO",1194,"NW",NA
"186","COTO",1194,"SW2",NA
"187","COTO",5994,"NE","●"
"188","COTO",5994,"SE","●"
"189","COTO",6202,"NE",NA
"190","COTO",6202,"SW","●"
"191","COTO",9466,"NE",NA
"192","COTO",9466,"NW",NA
"193","COTO",9466,"SE",NA
"194","COTO",9466,"SW",NA
"195","COTO",9466,"Transects",NA
"196","COTO",12522,"NW",NA
"197","COTO",12522,"SE",NA
"198","COTO",16426,"NE",NA
"199","COTO",16426,"SE",NA
"200","COTO",17706,"NW",NA
"201","COTO",17706,"SE",NA
"202","COTO",17706,"Transects",NA
"203","COTO",19514,"SW","●"
"204","COTO",20330,"NE","●"
"205","COTO",20330,"SE","●"
"206","COTO",20330,"SW1","●"
"207","COTO",20330,"SW2","●"
"208","COTO",20730,"NE",NA
"209","COTO",20730,"NW",NA
"210","COTO",20730,"SE",NA
"211","COTO",20730,"SW",NA
"212","COTO",20730,"Transects",NA
"213","COTO",26170,"NE",NA
"214","COTO",26170,"NW",NA
"215","COTO",26170,"SE",NA
"216","COTO",26170,"SW",NA
"217","COTO",37274,"NE",NA
"218","COTO",37274,"SE",NA
"219","COTO",37274,"SW",NA
"220","COTO",42026,"NE",NA
"221","COTO",42026,"NW",NA
"222","COTO",42026,"SE",NA
"223","COTO",42026,"SW",NA
"224","COTO",47210,"NE",NA
"225","COTO",47210,"NW",NA
"226","COTO",47210,"SE",NA
"227","COTO",47322,"NE",NA
"228","COTO",47322,"NW",NA
"229","COTO",47322,"SW",NA
"230","COTO",47322,"Transects",NA
"231","COTO",58842,"NW",NA
"232","COTO",58842,"SE",NA
"233","COTO",58842,"SW",NA
"234","COTO",60586,"NW","●"
"235","COTO",60586,"SW","●"
"236","COTO",60586,"Transects",NA
"237","COTO",70250,"NW","●"
"238","COTO",70250,"Transects",NA
"239","COTO",73002,"NE","●"
"240","COTO",73002,"SE",NA
"241","COTO",73002,"SW","●"
"242","COTO",73002,"Transects",NA
"243","COTO",73786,"NW",NA
"244","COTO",73786,"SE",NA
"245","COTO",73786,"Transects",NA
"246","COTO",77162,"NW1","○"
"247","COTO",77162,"NW2","●"
"248","COTO",77162,"SW","●"
"249","COTO",77162,"Transects",NA
"250","COTO",79018,"NE",NA
"251","COTO",79018,"NW","●"
"252","COTO",79018,"SE","●"
"253","COTO",79018,"SW","●"
"254","COTO",79018,"Transects",NA
"255","COTO",86074,"NE","○"
"256","COTO",86074,"SW","○"
"257","COTO",89962,"NE",NA
"258","COTO",89962,"SE","●"
"259","COTO",89962,"SW","●"
"260","COTO",93290,"NW","●"
"261","COTO",93290,"SE","●"
"262","COTO",93290,"SW","●"
"263","COTO",93290,"Transects",NA
"264","COTO",110378,"NE",NA
"265","COTO",110378,"NW","●"
"266","COTO",110378,"SE",NA
"267","COTO",110378,"SW","●"
"268","COTO",114602,"NE","●"
"269","COTO",114602,"NW","●"
"270","COTO",114602,"SE","●"
"271","COTO",114602,"SW","●"
"272","COTO",115322,"NW",NA
"273","COTO",115322,"SE",NA
"274","COTO",115322,"SW",NA
"275","COTO",127850,"NW",NA
"276","COTO",127850,"SE1",NA
"277","COTO",127850,"SW","●"
"278","COTO",132650,"SE",NA
"279","COTO",132650,"SW",NA
"280","COTO",143274,"NE","●"
"281","COTO",143274,"NW",NA
"282","COTO",143274,"SE","●"
"283","COTO",143274,"SW","●"
"284","COTO",145578,"NE","●"
"285","COTO",145578,"NW","●"
"286","COTO",145578,"SE","○"
"287","COTO",145578,"SW","○"
"288","COTO",147306,"NE1",NA
"289","COTO",147306,"NE2","●"
"290","COTO",147306,"SE1","●"
"291","COTO",147306,"SE2","●"
"292","COTO",147306,"Transects",NA
"293","COTO",151210,"NE",NA
"294","COTO",175354,"SW",NA
"295","COTO",186330,"NE",NA
"296","COTO",186330,"NW",NA
"297","COTO",186490,"NW",NA
"298","COTO",186490,"SW",NA
"299","COTO",194666,"NE",NA
"300","COTO",194666,"SE1",NA
"301","COTO",194666,"SE2",NA
"302","COTO",195242,"SE",NA
"303","COTO",195242,"SE2",NA
"304","COTO",195242,"SW",NA
"305","COTO",195242,"SW2",NA
"306","COTO",195242,"SW3",NA
"307","COTO",206394,"NE",NA
"308","COTO",206394,"NW",NA
"309","COTO",206394,"SE",NA
"310","COTO",206394,"SW",NA
"311","COTO",212266,"NE","○"
"312","COTO",212266,"NW",NA
"313","COTO",212266,"SE","●"
"314","COTO",212266,"SW","●"
"315","COTO",212266,"Transects",NA
"316","COTO",212906,"NW",NA
"317","COTO",212906,"SE","○"
"318","COTO",212906,"SW","●"
"319","COTO",216746,"NW",NA
"320","COTO",216746,"SE",NA
"321","COTO",216746,"SW1",NA
"322","COTO",216746,"SW2",NA
"323","COTO",218282,"SE",NA
"324","COTO",218282,"SW",NA
"325","COTO",219626,"SW","○"
"326","COTO",230186,"NE","●"
"327","COTO",230186,"SE","●"
"328","COTO",230186,"Transects","○"
"329","COTO",241002,"NE",NA
"330","COTO",241002,"NW","●"
"331","COTO",241002,"Transects",NA
"332","COTO",243562,"NE","●"
"333","COTO",243562,"SE","●"
"334","COTO",243562,"SW2",NA
"335","COTO",252394,"NW","●"
"336","COTO",265749,"NW","●"
"337","COTO",265749,"SE","●"
"338","COTO",265749,"SW","○"
"339","COTO",268521,"NE","●"
"340","COTO",268521,"NW",NA
"341","COTO",268521,"SE","●"
"342","COTO",268521,"Transects",NA
"343","COTO",271731,"SE1",NA
"344","COTO",271731,"SE2","●"
"345","COTO",271731,"SW","●"
"346","COTO",273050,"NE","●"
"347","COTO",273050,"NE2",NA
"348","COTO",273050,"SE1","●"
"349","COTO",273050,"SE2",NA
"350","COTO",283586,"NE",NA
"351","COTO",283586,"NW",NA
"352","COTO",283586,"SE",NA
"353","COTO",283586,"SW",NA
"354","COTO",294832,"NE",NA
"355","COTO",294832,"NW",NA
"356","COTO",294832,"SE",NA
"357","COTO",294832,"SW",NA
"358","COTO",294832,"Transects",NA
"359","COTO",317428,"NE",NA
"360","COTO",317428,"NW","○"
"361","COTO",317428,"SE","●"
"362","COTO",326072,"NW",NA
"363","COTO",326072,"SW","○"
"364","COTO",326072,"Transects",NA
"365","EPFU",986,"NE","○"
"366","EPFU",986,"SE","○"
"367","EPFU",1194,"NW","●"
"368","EPFU",1194,"SW2","●"
"369","EPFU",5994,"NE","●"
"370","EPFU",5994,"SE","●"
"371","EPFU",6202,"NE","●"
"372","EPFU",6202,"SW","●"
"373","EPFU",9466,"NE",NA
"374","EPFU",9466,"NW",NA
"375","EPFU",9466,"SE","○"
"376","EPFU",9466,"SW","●"
"377","EPFU",9466,"Transects",NA
"378","EPFU",12522,"NW","●"
"379","EPFU",12522,"SE",NA
"380","EPFU",16426,"NE","●"
"381","EPFU",16426,"SE","○"
"382","EPFU",17706,"NW",NA
"383","EPFU",17706,"SE","○"
"384","EPFU",17706,"Transects","●"
"385","EPFU",19514,"SW","●"
"386","EPFU",20330,"NE","●"
"387","EPFU",20330,"SE","●"
"388","EPFU",20330,"SW1","●"
"389","EPFU",20330,"SW2","●"
"390","EPFU",20730,"NE","○"
"391","EPFU",20730,"NW","○"
"392","EPFU",20730,"SE",NA
"393","EPFU",20730,"SW",NA
"394","EPFU",20730,"Transects",NA
"395","EPFU",26170,"NE",NA
"396","EPFU",26170,"NW",NA
"397","EPFU",26170,"SE","●"
"398","EPFU",26170,"SW",NA
"399","EPFU",37274,"NE","○"
"400","EPFU",37274,"SE","●"
"401","EPFU",37274,"SW","●"
"402","EPFU",42026,"NE","●"
"403","EPFU",42026,"NW","●"
"404","EPFU",42026,"SE","●"
"405","EPFU",42026,"SW","○"
"406","EPFU",47210,"NE","○"
"407","EPFU",47210,"NW","○"
"408","EPFU",47210,"SE","○"
"409","EPFU",47322,"NE","●"
"410","EPFU",47322,"NW","●"
"411","EPFU",47322,"SW","●"
"412","EPFU",47322,"Transects",NA
"413","EPFU",58842,"NW","●"
"414","EPFU",58842,"SE","●"
"415","EPFU",58842,"SW","●"
"416","EPFU",60586,"NW","●"
"417","EPFU",60586,"SW","●"
"418","EPFU",60586,"Transects","●"
"419","EPFU",70250,"NW","●"
"420","EPFU",70250,"Transects","●"
"421","EPFU",73002,"NE","●"
"422","EPFU",73002,"SE","●"
"423","EPFU",73002,"SW","●"
"424","EPFU",73002,"Transects",NA
"425","EPFU",73786,"NW","●"
"426","EPFU",73786,"SE","●"
"427","EPFU",73786,"Transects",NA
"428","EPFU",77162,"NW1","●"
"429","EPFU",77162,"NW2","●"
"430","EPFU",77162,"SW","●"
"431","EPFU",77162,"Transects",NA
"432","EPFU",79018,"NE","●"
"433","EPFU",79018,"NW","●"
"434","EPFU",79018,"SE","●"
"435","EPFU",79018,"SW","●"
"436","EPFU",79018,"Transects",NA
"437","EPFU",86074,"NE","○"
"438","EPFU",86074,"SW","○"
"439","EPFU",89962,"NE",NA
"440","EPFU",89962,"SE","●"
"441","EPFU",89962,"SW","●"
"442","EPFU",93290,"NW","●"
"443","EPFU",93290,"SE","●"
"444","EPFU",93290,"SW","●"
"445","EPFU",93290,"Transects","●"
"446","EPFU",110378,"NE","●"
"447","EPFU",110378,"NW","●"
"448","EPFU",110378,"SE","●"
"449","EPFU",110378,"SW","●"
"450","EPFU",114602,"NE","●"
"451","EPFU",114602,"NW","●"
"452","EPFU",114602,"SE","●"
"453","EPFU",114602,"SW","●"
"454","EPFU",115322,"NW","●"
"455","EPFU",115322,"SE","●"
"456","EPFU",115322,"SW",NA
"457","EPFU",127850,"NW","●"
"458","EPFU",127850,"SE1",NA
"459","EPFU",127850,"SW","●"
"460","EPFU",132650,"SE","●"
"461","EPFU",132650,"SW",NA
"462","EPFU",143274,"NE","●"
"463","EPFU",143274,"NW","●"
"464","EPFU",143274,"SE","●"
"465","EPFU",143274,"SW","●"
"466","EPFU",145578,"NE","●"
"467","EPFU",145578,"NW","●"
"468","EPFU",145578,"SE","●"
"469","EPFU",145578,"SW","●"
"470","EPFU",147306,"NE1","●"
"471","EPFU",147306,"NE2","●"
"472","EPFU",147306,"SE1","●"
"473","EPFU",147306,"SE2","●"
"474","EPFU",147306,"Transects",NA
"475","EPFU",151210,"NE","○"
"476","EPFU",175354,"SW","●"
"477","EPFU",186330,"NE","●"
"478","EPFU",186330,"NW","○"
"479","EPFU",186490,"NW","●"
"480","EPFU",186490,"SW","○"
"481","EPFU",194666,"NE","●"
"482","EPFU",194666,"SE1","●"
"483","EPFU",194666,"SE2","●"
"484","EPFU",195242,"SE",NA
"485","EPFU",195242,"SE2","○"
"486","EPFU",195242,"SW","●"
"487","EPFU",195242,"SW2","●"
"488","EPFU",195242,"SW3",NA
"489","EPFU",206394,"NE",NA
"490","EPFU",206394,"NW",NA
"491","EPFU",206394,"SE",NA
"492","EPFU",206394,"SW",NA
"493","EPFU",212266,"NE","●"
"494","EPFU",212266,"NW","●"
"495","EPFU",212266,"SE","●"
"496","EPFU",212266,"SW","●"
"497","EPFU",212266,"Transects",NA
"498","EPFU",212906,"NW",NA
"499","EPFU",212906,"SE","●"
"500","EPFU",212906,"SW","●"
"501","EPFU",216746,"NW","●"
"502","EPFU",216746,"SE","●"
"503","EPFU",216746,"SW1","●"
"504","EPFU",216746,"SW2","●"
"505","EPFU",218282,"SE","○"
"506","EPFU",218282,"SW","●"
"507","EPFU",219626,"SW","●"
"508","EPFU",230186,"NE","●"
"509","EPFU",230186,"SE","●"
"510","EPFU",230186,"Transects","●"
"511","EPFU",241002,"NE","●"
"512","EPFU",241002,"NW","●"
"513","EPFU",241002,"Transects",NA
"514","EPFU",243562,"NE","●"
"515","EPFU",243562,"SE","○"
"516","EPFU",243562,"SW2","●"
"517","EPFU",252394,"NW","○"
"518","EPFU",265749,"NW","●"
"519","EPFU",265749,"SE","●"
"520","EPFU",265749,"SW","●"
"521","EPFU",268521,"NE","●"
"522","EPFU",268521,"NW","●"
"523","EPFU",268521,"SE","●"
"524","EPFU",268521,"Transects",NA
"525","EPFU",271731,"SE1",NA
"526","EPFU",271731,"SE2","●"
"527","EPFU",271731,"SW","●"
"528","EPFU",273050,"NE","○"
"529","EPFU",273050,"NE2","●"
"530","EPFU",273050,"SE1","○"
"531","EPFU",273050,"SE2","○"
"532","EPFU",283586,"NE",NA
"533","EPFU",283586,"NW",NA
"534","EPFU",283586,"SE",NA
"535","EPFU",283586,"SW",NA
"536","EPFU",294832,"NE","●"
"537","EPFU",294832,"NW","●"
"538","EPFU",294832,"SE","●"
"539","EPFU",294832,"SW","●"
"540","EPFU",294832,"Transects","●"
"541","EPFU",317428,"NE","●"
"542","EPFU",317428,"NW","●"
"543","EPFU",317428,"SE","●"
"544","EPFU",326072,"NW","●"
"545","EPFU",326072,"SW","●"
"546","EPFU",326072,"Transects",NA
"547","EUMA",986,"NE",NA
"548","EUMA",986,"SE",NA
"549","EUMA",1194,"NW",NA
"550","EUMA",1194,"SW2",NA
"551","EUMA",5994,"NE",NA
"552","EUMA",5994,"SE",NA
"553","EUMA",6202,"NE",NA
"554","EUMA",6202,"SW",NA
"555","EUMA",9466,"NE",NA
"556","EUMA",9466,"NW",NA
"557","EUMA",9466,"SE",NA
"558","EUMA",9466,"SW",NA
"559","EUMA",9466,"Transects",NA
"560","EUMA",12522,"NW",NA
"561","EUMA",12522,"SE",NA
"562","EUMA",16426,"NE",NA
"563","EUMA",16426,"SE",NA
"564","EUMA",17706,"NW",NA
"565","EUMA",17706,"SE",NA
"566","EUMA",17706,"Transects",NA
"567","EUMA",19514,"SW",NA
"568","EUMA",20330,"NE",NA
"569","EUMA",20330,"SE",NA
"570","EUMA",20330,"SW1",NA
"571","EUMA",20330,"SW2",NA
"572","EUMA",20730,"NE",NA
"573","EUMA",20730,"NW",NA
"574","EUMA",20730,"SE",NA
"575","EUMA",20730,"SW",NA
"576","EUMA",20730,"Transects",NA
"577","EUMA",26170,"NE",NA
"578","EUMA",26170,"NW",NA
"579","EUMA",26170,"SE",NA
"580","EUMA",26170,"SW",NA
"581","EUMA",37274,"NE",NA
"582","EUMA",37274,"SE",NA
"583","EUMA",37274,"SW",NA
"584","EUMA",42026,"NE",NA
"585","EUMA",42026,"NW",NA
"586","EUMA",42026,"SE",NA
"587","EUMA",42026,"SW",NA
"588","EUMA",47210,"NE",NA
"589","EUMA",47210,"NW",NA
"590","EUMA",47210,"SE",NA
"591","EUMA",47322,"NE",NA
"592","EUMA",47322,"NW",NA
"593","EUMA",47322,"SW",NA
"594","EUMA",47322,"Transects",NA
"595","EUMA",58842,"NW",NA
"596","EUMA",58842,"SE",NA
"597","EUMA",58842,"SW",NA
"598","EUMA",60586,"NW",NA
"599","EUMA",60586,"SW",NA
"600","EUMA",60586,"Transects",NA
"601","EUMA",70250,"NW",NA
"602","EUMA",70250,"Transects",NA
"603","EUMA",73002,"NE","●"
"604","EUMA",73002,"SE","●"
"605","EUMA",73002,"SW","●"
"606","EUMA",73002,"Transects",NA
"607","EUMA",73786,"NW",NA
"608","EUMA",73786,"SE",NA
"609","EUMA",73786,"Transects",NA
"610","EUMA",77162,"NW1",NA
"611","EUMA",77162,"NW2",NA
"612","EUMA",77162,"SW",NA
"613","EUMA",77162,"Transects",NA
"614","EUMA",79018,"NE",NA
"615","EUMA",79018,"NW",NA
"616","EUMA",79018,"SE",NA
"617","EUMA",79018,"SW",NA
"618","EUMA",79018,"Transects",NA
"619","EUMA",86074,"NE",NA
"620","EUMA",86074,"SW",NA
"621","EUMA",89962,"NE",NA
"622","EUMA",89962,"SE",NA
"623","EUMA",89962,"SW",NA
"624","EUMA",93290,"NW","●"
"625","EUMA",93290,"SE",NA
"626","EUMA",93290,"SW","●"
"627","EUMA",93290,"Transects",NA
"628","EUMA",110378,"NE","●"
"629","EUMA",110378,"NW","●"
"630","EUMA",110378,"SE",NA
"631","EUMA",110378,"SW","●"
"632","EUMA",114602,"NE",NA
"633","EUMA",114602,"NW",NA
"634","EUMA",114602,"SE",NA
"635","EUMA",114602,"SW",NA
"636","EUMA",115322,"NW",NA
"637","EUMA",115322,"SE",NA
"638","EUMA",115322,"SW",NA
"639","EUMA",127850,"NW",NA
"640","EUMA",127850,"SE1",NA
"641","EUMA",127850,"SW",NA
"642","EUMA",132650,"SE","●"
"643","EUMA",132650,"SW","●"
"644","EUMA",143274,"NE",NA
"645","EUMA",143274,"NW",NA
"646","EUMA",143274,"SE",NA
"647","EUMA",143274,"SW",NA
"648","EUMA",145578,"NE",NA
"649","EUMA",145578,"NW",NA
"650","EUMA",145578,"SE",NA
"651","EUMA",145578,"SW",NA
"652","EUMA",147306,"NE1",NA
"653","EUMA",147306,"NE2",NA
"654","EUMA",147306,"SE1",NA
"655","EUMA",147306,"SE2",NA
"656","EUMA",147306,"Transects",NA
"657","EUMA",151210,"NE",NA
"658","EUMA",175354,"SW",NA
"659","EUMA",186330,"NE",NA
"660","EUMA",186330,"NW",NA
"661","EUMA",186490,"NW",NA
"662","EUMA",186490,"SW",NA
"663","EUMA",194666,"NE",NA
"664","EUMA",194666,"SE1",NA
"665","EUMA",194666,"SE2",NA
"666","EUMA",195242,"SE",NA
"667","EUMA",195242,"SE2",NA
"668","EUMA",195242,"SW",NA
"669","EUMA",195242,"SW2",NA
"670","EUMA",195242,"SW3",NA
"671","EUMA",206394,"NE",NA
"672","EUMA",206394,"NW",NA
"673","EUMA",206394,"SE",NA
"674","EUMA",206394,"SW",NA
"675","EUMA",212266,"NE",NA
"676","EUMA",212266,"NW",NA
"677","EUMA",212266,"SE","●"
"678","EUMA",212266,"SW","●"
"679","EUMA",212266,"Transects",NA
"680","EUMA",212906,"NW",NA
"681","EUMA",212906,"SE",NA
"682","EUMA",212906,"SW",NA
"683","EUMA",216746,"NW",NA
"684","EUMA",216746,"SE",NA
"685","EUMA",216746,"SW1",NA
"686","EUMA",216746,"SW2",NA
"687","EUMA",218282,"SE",NA
"688","EUMA",218282,"SW",NA
"689","EUMA",219626,"SW",NA
"690","EUMA",230186,"NE",NA
"691","EUMA",230186,"SE",NA
"692","EUMA",230186,"Transects",NA
"693","EUMA",241002,"NE",NA
"694","EUMA",241002,"NW",NA
"695","EUMA",241002,"Transects",NA
"696","EUMA",243562,"NE",NA
"697","EUMA",243562,"SE",NA
"698","EUMA",243562,"SW2",NA
"699","EUMA",252394,"NW",NA
"700","EUMA",265749,"NW",NA
"701","EUMA",265749,"SE",NA
"702","EUMA",265749,"SW",NA
"703","EUMA",268521,"NE",NA
"704","EUMA",268521,"NW",NA
"705","EUMA",268521,"SE",NA
"706","EUMA",268521,"Transects",NA
"707","EUMA",271731,"SE1",NA
"708","EUMA",271731,"SE2",NA
"709","EUMA",271731,"SW",NA
"710","EUMA",273050,"NE",NA
"711","EUMA",273050,"NE2",NA
"712","EUMA",273050,"SE1",NA
"713","EUMA",273050,"SE2",NA
"714","EUMA",283586,"NE",NA
"715","EUMA",283586,"NW",NA
"716","EUMA",283586,"SE",NA
"717","EUMA",283586,"SW",NA
"718","EUMA",294832,"NE",NA
"719","EUMA",294832,"NW",NA
"720","EUMA",294832,"SE",NA
"721","EUMA",294832,"SW",NA
"722","EUMA",294832,"Transects",NA
"723","EUMA",317428,"NE",NA
"724","EUMA",317428,"NW",NA
"725","EUMA",317428,"SE",NA
"726","EUMA",326072,"NW",NA
"727","EUMA",326072,"SW",NA
"728","EUMA",326072,"Transects",NA
"729","LABO",986,"NE","○"
"730","LABO",986,"SE","○"
"731","LABO",1194,"NW","○"
"732","LABO",1194,"SW2","○"
"733","LABO",5994,"NE","●"
"734","LABO",5994,"SE","●"
"735","LABO",6202,"NE",NA
"736","LABO",6202,"SW",NA
"737","LABO",9466,"NE",NA
"738","LABO",9466,"NW",NA
"739","LABO",9466,"SE",NA
"740","LABO",9466,"SW",NA
"741","LABO",9466,"Transects",NA
"742","LABO",12522,"NW",NA
"743","LABO",12522,"SE",NA
"744","LABO",16426,"NE","○"
"745","LABO",16426,"SE","○"
"746","LABO",17706,"NW",NA
"747","LABO",17706,"SE",NA
"748","LABO",17706,"Transects",NA
"749","LABO",19514,"SW",NA
"750","LABO",20330,"NE",NA
"751","LABO",20330,"SE",NA
"752","LABO",20330,"SW1","○"
"753","LABO",20330,"SW2",NA
"754","LABO",20730,"NE","●"
"755","LABO",20730,"NW","●"
"756","LABO",20730,"SE","●"
"757","LABO",20730,"SW",NA
"758","LABO",20730,"Transects",NA
"759","LABO",26170,"NE",NA
"760","LABO",26170,"NW",NA
"761","LABO",26170,"SE",NA
"762","LABO",26170,"SW",NA
"763","LABO",37274,"NE","○"
"764","LABO",37274,"SE","○"
"765","LABO",37274,"SW","○"
"766","LABO",42026,"NE","○"
"767","LABO",42026,"NW","●"
"768","LABO",42026,"SE","●"
"769","LABO",42026,"SW","●"
"770","LABO",47210,"NE",NA
"771","LABO",47210,"NW","○"
"772","LABO",47210,"SE",NA
"773","LABO",47322,"NE","●"
"774","LABO",47322,"NW","○"
"775","LABO",47322,"SW","○"
"776","LABO",47322,"Transects",NA
"777","LABO",58842,"NW","●"
"778","LABO",58842,"SE","○"
"779","LABO",58842,"SW","○"
"780","LABO",60586,"NW","●"
"781","LABO",60586,"SW","●"
"782","LABO",60586,"Transects","○"
"783","LABO",70250,"NW","●"
"784","LABO",70250,"Transects","○"
"785","LABO",73002,"NE",NA
"786","LABO",73002,"SE",NA
"787","LABO",73002,"SW",NA
"788","LABO",73002,"Transects",NA
"789","LABO",73786,"NW","●"
"790","LABO",73786,"SE","○"
"791","LABO",73786,"Transects",NA
"792","LABO",77162,"NW1",NA
"793","LABO",77162,"NW2",NA
"794","LABO",77162,"SW","●"
"795","LABO",77162,"Transects",NA
"796","LABO",79018,"NE",NA
"797","LABO",79018,"NW",NA
"798","LABO",79018,"SE",NA
"799","LABO",79018,"SW",NA
"800","LABO",79018,"Transects",NA
"801","LABO",86074,"NE",NA
"802","LABO",86074,"SW",NA
"803","LABO",89962,"NE",NA
"804","LABO",89962,"SE","●"
"805","LABO",89962,"SW","●"
"806","LABO",93290,"NW","●"
"807","LABO",93290,"SE","○"
"808","LABO",93290,"SW","●"
"809","LABO",93290,"Transects",NA
"810","LABO",110378,"NE","○"
"811","LABO",110378,"NW","●"
"812","LABO",110378,"SE","○"
"813","LABO",110378,"SW","○"
"814","LABO",114602,"NE",NA
"815","LABO",114602,"NW",NA
"816","LABO",114602,"SE","○"
"817","LABO",114602,"SW","○"
"818","LABO",115322,"NW",NA
"819","LABO",115322,"SE",NA
"820","LABO",115322,"SW",NA
"821","LABO",127850,"NW",NA
"822","LABO",127850,"SE1",NA
"823","LABO",127850,"SW","○"
"824","LABO",132650,"SE",NA
"825","LABO",132650,"SW",NA
"826","LABO",143274,"NE","○"
"827","LABO",143274,"NW",NA
"828","LABO",143274,"SE","●"
"829","LABO",143274,"SW",NA
"830","LABO",145578,"NE","●"
"831","LABO",145578,"NW","○"
"832","LABO",145578,"SE","○"
"833","LABO",145578,"SW","●"
"834","LABO",147306,"NE1","○"
"835","LABO",147306,"NE2","○"
"836","LABO",147306,"SE1","●"
"837","LABO",147306,"SE2","○"
"838","LABO",147306,"Transects",NA
"839","LABO",151210,"NE",NA
"840","LABO",175354,"SW","○"
"841","LABO",186330,"NE","○"
"842","LABO",186330,"NW",NA
"843","LABO",186490,"NW","●"
"844","LABO",186490,"SW","●"
"845","LABO",194666,"NE","○"
"846","LABO",194666,"SE1","○"
"847","LABO",194666,"SE2","○"
"848","LABO",195242,"SE",NA
"849","LABO",195242,"SE2",NA
"850","LABO",195242,"SW",NA
"851","LABO",195242,"SW2",NA
"852","LABO",195242,"SW3",NA
"853","LABO",206394,"NE",NA
"854","LABO",206394,"NW",NA
"855","LABO",206394,"SE",NA
"856","LABO",206394,"SW",NA
"857","LABO",212266,"NE","○"
"858","LABO",212266,"NW",NA
"859","LABO",212266,"SE","○"
"860","LABO",212266,"SW",NA
"861","LABO",212266,"Transects",NA
"862","LABO",212906,"NW",NA
"863","LABO",212906,"SE",NA
"864","LABO",212906,"SW","○"
"865","LABO",216746,"NW",NA
"866","LABO",216746,"SE",NA
"867","LABO",216746,"SW1",NA
"868","LABO",216746,"SW2",NA
"869","LABO",218282,"SE","○"
"870","LABO",218282,"SW","○"
"871","LABO",219626,"SW",NA
"872","LABO",230186,"NE","●"
"873","LABO",230186,"SE","●"
"874","LABO",230186,"Transects",NA
"875","LABO",241002,"NE","●"
"876","LABO",241002,"NW",NA
"877","LABO",241002,"Transects",NA
"878","LABO",243562,"NE",NA
"879","LABO",243562,"SE",NA
"880","LABO",243562,"SW2","○"
"881","LABO",252394,"NW",NA
"882","LABO",265749,"NW",NA
"883","LABO",265749,"SE",NA
"884","LABO",265749,"SW","○"
"885","LABO",268521,"NE","○"
"886","LABO",268521,"NW","○"
"887","LABO",268521,"SE","○"
"888","LABO",268521,"Transects",NA
"889","LABO",271731,"SE1",NA
"890","LABO",271731,"SE2",NA
"891","LABO",271731,"SW",NA
"892","LABO",273050,"NE",NA
"893","LABO",273050,"NE2",NA
"894","LABO",273050,"SE1","●"
"895","LABO",273050,"SE2",NA
"896","LABO",283586,"NE",NA
"897","LABO",283586,"NW",NA
"898","LABO",283586,"SE",NA
"899","LABO",283586,"SW",NA
"900","LABO",294832,"NE","○"
"901","LABO",294832,"NW","○"
"902","LABO",294832,"SE","○"
"903","LABO",294832,"SW","○"
"904","LABO",294832,"Transects",NA
"905","LABO",317428,"NE",NA
"906","LABO",317428,"NW",NA
"907","LABO",317428,"SE",NA
"908","LABO",326072,"NW",NA
"909","LABO",326072,"SW",NA
"910","LABO",326072,"Transects",NA
"911","LACI",986,"NE","●"
"912","LACI",986,"SE","○"
"913","LACI",1194,"NW","●"
"914","LACI",1194,"SW2","●"
"915","LACI",5994,"NE","●"
"916","LACI",5994,"SE","●"
"917","LACI",6202,"NE","○"
"918","LACI",6202,"SW",NA
"919","LACI",9466,"NE",NA
"920","LACI",9466,"NW",NA
"921","LACI",9466,"SE",NA
"922","LACI",9466,"SW",NA
"923","LACI",9466,"Transects",NA
"924","LACI",12522,"NW","○"
"925","LACI",12522,"SE",NA
"926","LACI",16426,"NE",NA
"927","LACI",16426,"SE","○"
"928","LACI",17706,"NW",NA
"929","LACI",17706,"SE",NA
"930","LACI",17706,"Transects",NA
"931","LACI",19514,"SW","●"
"932","LACI",20330,"NE","●"
"933","LACI",20330,"SE","●"
"934","LACI",20330,"SW1","●"
"935","LACI",20330,"SW2","●"
"936","LACI",20730,"NE",NA
"937","LACI",20730,"NW",NA
"938","LACI",20730,"SE",NA
"939","LACI",20730,"SW",NA
"940","LACI",20730,"Transects",NA
"941","LACI",26170,"NE",NA
"942","LACI",26170,"NW",NA
"943","LACI",26170,"SE",NA
"944","LACI",26170,"SW",NA
"945","LACI",37274,"NE",NA
"946","LACI",37274,"SE","●"
"947","LACI",37274,"SW","●"
"948","LACI",42026,"NE","○"
"949","LACI",42026,"NW",NA
"950","LACI",42026,"SE","○"
"951","LACI",42026,"SW",NA
"952","LACI",47210,"NE","●"
"953","LACI",47210,"NW",NA
"954","LACI",47210,"SE","○"
"955","LACI",47322,"NE","●"
"956","LACI",47322,"NW","●"
"957","LACI",47322,"SW","●"
"958","LACI",47322,"Transects",NA
"959","LACI",58842,"NW","○"
"960","LACI",58842,"SE","○"
"961","LACI",58842,"SW","●"
"962","LACI",60586,"NW","●"
"963","LACI",60586,"SW","●"
"964","LACI",60586,"Transects","●"
"965","LACI",70250,"NW","●"
"966","LACI",70250,"Transects","○"
"967","LACI",73002,"NE","●"
"968","LACI",73002,"SE","●"
"969","LACI",73002,"SW","●"
"970","LACI",73002,"Transects",NA
"971","LACI",73786,"NW","●"
"972","LACI",73786,"SE","○"
"973","LACI",73786,"Transects",NA
"974","LACI",77162,"NW1","●"
"975","LACI",77162,"NW2","●"
"976","LACI",77162,"SW","●"
"977","LACI",77162,"Transects",NA
"978","LACI",79018,"NE",NA
"979","LACI",79018,"NW","●"
"980","LACI",79018,"SE","●"
"981","LACI",79018,"SW",NA
"982","LACI",79018,"Transects",NA
"983","LACI",86074,"NE",NA
"984","LACI",86074,"SW",NA
"985","LACI",89962,"NE",NA
"986","LACI",89962,"SE","●"
"987","LACI",89962,"SW","●"
"988","LACI",93290,"NW","●"
"989","LACI",93290,"SE","●"
"990","LACI",93290,"SW","●"
"991","LACI",93290,"Transects","●"
"992","LACI",110378,"NE","●"
"993","LACI",110378,"NW","●"
"994","LACI",110378,"SE","○"
"995","LACI",110378,"SW","●"
"996","LACI",114602,"NE","○"
"997","LACI",114602,"NW","○"
"998","LACI",114602,"SE","○"
"999","LACI",114602,"SW","●"
"1000","LACI",115322,"NW","○"
"1001","LACI",115322,"SE","○"
"1002","LACI",115322,"SW",NA
"1003","LACI",127850,"NW",NA
"1004","LACI",127850,"SE1",NA
"1005","LACI",127850,"SW","●"
"1006","LACI",132650,"SE","○"
"1007","LACI",132650,"SW",NA
"1008","LACI",143274,"NE","●"
"1009","LACI",143274,"NW","○"
"1010","LACI",143274,"SE","●"
"1011","LACI",143274,"SW","●"
"1012","LACI",145578,"NE",NA
"1013","LACI",145578,"NW",NA
"1014","LACI",145578,"SE","●"
"1015","LACI",145578,"SW","○"
"1016","LACI",147306,"NE1","●"
"1017","LACI",147306,"NE2","●"
"1018","LACI",147306,"SE1","●"
"1019","LACI",147306,"SE2","●"
"1020","LACI",147306,"Transects",NA
"1021","LACI",151210,"NE",NA
"1022","LACI",175354,"SW","●"
"1023","LACI",186330,"NE","○"
"1024","LACI",186330,"NW",NA
"1025","LACI",186490,"NW","○"
"1026","LACI",186490,"SW","○"
"1027","LACI",194666,"NE","●"
"1028","LACI",194666,"SE1","●"
"1029","LACI",194666,"SE2","○"
"1030","LACI",195242,"SE",NA
"1031","LACI",195242,"SE2",NA
"1032","LACI",195242,"SW","●"
"1033","LACI",195242,"SW2",NA
"1034","LACI",195242,"SW3",NA
"1035","LACI",206394,"NE",NA
"1036","LACI",206394,"NW",NA
"1037","LACI",206394,"SE",NA
"1038","LACI",206394,"SW",NA
"1039","LACI",212266,"NE","●"
"1040","LACI",212266,"NW","○"
"1041","LACI",212266,"SE","●"
"1042","LACI",212266,"SW","●"
"1043","LACI",212266,"Transects",NA
"1044","LACI",212906,"NW",NA
"1045","LACI",212906,"SE",NA
"1046","LACI",212906,"SW","●"
"1047","LACI",216746,"NW",NA
"1048","LACI",216746,"SE",NA
"1049","LACI",216746,"SW1",NA
"1050","LACI",216746,"SW2","○"
"1051","LACI",218282,"SE","●"
"1052","LACI",218282,"SW","○"
"1053","LACI",219626,"SW","●"
"1054","LACI",230186,"NE","●"
"1055","LACI",230186,"SE","●"
"1056","LACI",230186,"Transects","●"
"1057","LACI",241002,"NE","○"
"1058","LACI",241002,"NW","●"
"1059","LACI",241002,"Transects",NA
"1060","LACI",243562,"NE",NA
"1061","LACI",243562,"SE",NA
"1062","LACI",243562,"SW2",NA
"1063","LACI",252394,"NW",NA
"1064","LACI",265749,"NW","●"
"1065","LACI",265749,"SE","●"
"1066","LACI",265749,"SW","●"
"1067","LACI",268521,"NE","●"
"1068","LACI",268521,"NW","●"
"1069","LACI",268521,"SE","●"
"1070","LACI",268521,"Transects",NA
"1071","LACI",271731,"SE1",NA
"1072","LACI",271731,"SE2","●"
"1073","LACI",271731,"SW","●"
"1074","LACI",273050,"NE",NA
"1075","LACI",273050,"NE2",NA
"1076","LACI",273050,"SE1","●"
"1077","LACI",273050,"SE2",NA
"1078","LACI",283586,"NE",NA
"1079","LACI",283586,"NW",NA
"1080","LACI",283586,"SE",NA
"1081","LACI",283586,"SW",NA
"1082","LACI",294832,"NE","○"
"1083","LACI",294832,"NW","○"
"1084","LACI",294832,"SE","○"
"1085","LACI",294832,"SW","○"
"1086","LACI",294832,"Transects","○"
"1087","LACI",317428,"NE","●"
"1088","LACI",317428,"NW","●"
"1089","LACI",317428,"SE","●"
"1090","LACI",326072,"NW","●"
"1091","LACI",326072,"SW","●"
"1092","LACI",326072,"Transects",NA
"1093","LANO",986,"NE","●"
"1094","LANO",986,"SE","●"
"1095","LANO",1194,"NW","●"
"1096","LANO",1194,"SW2","●"
"1097","LANO",5994,"NE","●"
"1098","LANO",5994,"SE","●"
"1099","LANO",6202,"NE","●"
"1100","LANO",6202,"SW","●"
"1101","LANO",9466,"NE",NA
"1102","LANO",9466,"NW","●"
"1103","LANO",9466,"SE","●"
"1104","LANO",9466,"SW","●"
"1105","LANO",9466,"Transects",NA
"1106","LANO",12522,"NW",NA
"1107","LANO",12522,"SE",NA
"1108","LANO",16426,"NE","●"
"1109","LANO",16426,"SE","○"
"1110","LANO",17706,"NW",NA
"1111","LANO",17706,"SE","●"
"1112","LANO",17706,"Transects","●"
"1113","LANO",19514,"SW","●"
"1114","LANO",20330,"NE","●"
"1115","LANO",20330,"SE","●"
"1116","LANO",20330,"SW1","●"
"1117","LANO",20330,"SW2","●"
"1118","LANO",20730,"NE","●"
"1119","LANO",20730,"NW","●"
"1120","LANO",20730,"SE","●"
"1121","LANO",20730,"SW",NA
"1122","LANO",20730,"Transects","●"
"1123","LANO",26170,"NE","●"
"1124","LANO",26170,"NW","●"
"1125","LANO",26170,"SE","●"
"1126","LANO",26170,"SW","●"
"1127","LANO",37274,"NE","●"
"1128","LANO",37274,"SE","●"
"1129","LANO",37274,"SW","●"
"1130","LANO",42026,"NE","●"
"1131","LANO",42026,"NW","●"
"1132","LANO",42026,"SE","●"
"1133","LANO",42026,"SW","●"
"1134","LANO",47210,"NE","●"
"1135","LANO",47210,"NW","●"
"1136","LANO",47210,"SE","●"
"1137","LANO",47322,"NE","●"
"1138","LANO",47322,"NW","●"
"1139","LANO",47322,"SW","●"
"1140","LANO",47322,"Transects",NA
"1141","LANO",58842,"NW","○"
"1142","LANO",58842,"SE","●"
"1143","LANO",58842,"SW","●"
"1144","LANO",60586,"NW","●"
"1145","LANO",60586,"SW","●"
"1146","LANO",60586,"Transects","●"
"1147","LANO",70250,"NW","●"
"1148","LANO",70250,"Transects","○"
"1149","LANO",73002,"NE","●"
"1150","LANO",73002,"SE","●"
"1151","LANO",73002,"SW","●"
"1152","LANO",73002,"Transects",NA
"1153","LANO",73786,"NW","●"
"1154","LANO",73786,"SE","●"
"1155","LANO",73786,"Transects",NA
"1156","LANO",77162,"NW1","●"
"1157","LANO",77162,"NW2","●"
"1158","LANO",77162,"SW","●"
"1159","LANO",77162,"Transects",NA
"1160","LANO",79018,"NE","●"
"1161","LANO",79018,"NW","●"
"1162","LANO",79018,"SE","●"
"1163","LANO",79018,"SW","●"
"1164","LANO",79018,"Transects",NA
"1165","LANO",86074,"NE",NA
"1166","LANO",86074,"SW","●"
"1167","LANO",89962,"NE",NA
"1168","LANO",89962,"SE","●"
"1169","LANO",89962,"SW","●"
"1170","LANO",93290,"NW","●"
"1171","LANO",93290,"SE","●"
"1172","LANO",93290,"SW","●"
"1173","LANO",93290,"Transects","○"
"1174","LANO",110378,"NE","●"
"1175","LANO",110378,"NW","●"
"1176","LANO",110378,"SE","●"
"1177","LANO",110378,"SW","●"
"1178","LANO",114602,"NE","●"
"1179","LANO",114602,"NW","●"
"1180","LANO",114602,"SE","●"
"1181","LANO",114602,"SW","●"
"1182","LANO",115322,"NW","●"
"1183","LANO",115322,"SE","●"
"1184","LANO",115322,"SW","●"
"1185","LANO",127850,"NW","○"
"1186","LANO",127850,"SE1",NA
"1187","LANO",127850,"SW","●"
"1188","LANO",132650,"SE","●"
"1189","LANO",132650,"SW",NA
"1190","LANO",143274,"NE","●"
"1191","LANO",143274,"NW","●"
"1192","LANO",143274,"SE","●"
"1193","LANO",143274,"SW","●"
"1194","LANO",145578,"NE","●"
"1195","LANO",145578,"NW","●"
"1196","LANO",145578,"SE","●"
"1197","LANO",145578,"SW","●"
"1198","LANO",147306,"NE1","●"
"1199","LANO",147306,"NE2","●"
"1200","LANO",147306,"SE1","●"
"1201","LANO",147306,"SE2","●"
"1202","LANO",147306,"Transects",NA
"1203","LANO",151210,"NE","●"
"1204","LANO",175354,"SW","●"
"1205","LANO",186330,"NE","●"
"1206","LANO",186330,"NW","●"
"1207","LANO",186490,"NW","●"
"1208","LANO",186490,"SW","●"
"1209","LANO",194666,"NE","●"
"1210","LANO",194666,"SE1","●"
"1211","LANO",194666,"SE2","●"
"1212","LANO",195242,"SE",NA
"1213","LANO",195242,"SE2","●"
"1214","LANO",195242,"SW","●"
"1215","LANO",195242,"SW2","●"
"1216","LANO",195242,"SW3","●"
"1217","LANO",206394,"NE","●"
"1218","LANO",206394,"NW","●"
"1219","LANO",206394,"SE","●"
"1220","LANO",206394,"SW","●"
"1221","LANO",212266,"NE","●"
"1222","LANO",212266,"NW","●"
"1223","LANO",212266,"SE","●"
"1224","LANO",212266,"SW","●"
"1225","LANO",212266,"Transects",NA
"1226","LANO",212906,"NW","●"
"1227","LANO",212906,"SE","●"
"1228","LANO",212906,"SW","●"
"1229","LANO",216746,"NW","●"
"1230","LANO",216746,"SE","●"
"1231","LANO",216746,"SW1","●"
"1232","LANO",216746,"SW2","●"
"1233","LANO",218282,"SE","●"
"1234","LANO",218282,"SW","●"
"1235","LANO",219626,"SW","●"
"1236","LANO",230186,"NE","●"
"1237","LANO",230186,"SE","●"
"1238","LANO",230186,"Transects","●"
"1239","LANO",241002,"NE","●"
"1240","LANO",241002,"NW","●"
"1241","LANO",241002,"Transects",NA
"1242","LANO",243562,"NE","●"
"1243","LANO",243562,"SE","●"
"1244","LANO",243562,"SW2","●"
"1245","LANO",252394,"NW","●"
"1246","LANO",265749,"NW","●"
"1247","LANO",265749,"SE","●"
"1248","LANO",265749,"SW","●"
"1249","LANO",268521,"NE","●"
"1250","LANO",268521,"NW","●"
"1251","LANO",268521,"SE","●"
"1252","LANO",268521,"Transects",NA
"1253","LANO",271731,"SE1","●"
"1254","LANO",271731,"SE2","●"
"1255","LANO",271731,"SW","●"
"1256","LANO",273050,"NE","●"
"1257","LANO",273050,"NE2","●"
"1258","LANO",273050,"SE1",NA
"1259","LANO",273050,"SE2","●"
"1260","LANO",283586,"NE",NA
"1261","LANO",283586,"NW",NA
"1262","LANO",283586,"SE",NA
"1263","LANO",283586,"SW",NA
"1264","LANO",294832,"NE","●"
"1265","LANO",294832,"NW","●"
"1266","LANO",294832,"SE","●"
"1267","LANO",294832,"SW","●"
"1268","LANO",294832,"Transects","●"
"1269","LANO",317428,"NE","●"
"1270","LANO",317428,"NW","●"
"1271","LANO",317428,"SE","●"
"1272","LANO",326072,"NW","●"
"1273","LANO",326072,"SW","●"
"1274","LANO",326072,"Transects",NA
"1275","MYCA",986,"NE",NA
"1276","MYCA",986,"SE","●"
"1277","MYCA",1194,"NW","●"
"1278","MYCA",1194,"SW2","●"
"1279","MYCA",5994,"NE","●"
"1280","MYCA",5994,"SE","●"
"1281","MYCA",6202,"NE","●"
"1282","MYCA",6202,"SW","●"
"1283","MYCA",9466,"NE",NA
"1284","MYCA",9466,"NW",NA
"1285","MYCA",9466,"SE",NA
"1286","MYCA",9466,"SW",NA
"1287","MYCA",9466,"Transects",NA
"1288","MYCA",12522,"NW","○"
"1289","MYCA",12522,"SE",NA
"1290","MYCA",16426,"NE",NA
"1291","MYCA",16426,"SE",NA
"1292","MYCA",17706,"NW","●"
"1293","MYCA",17706,"SE","●"
"1294","MYCA",17706,"Transects",NA
"1295","MYCA",19514,"SW","●"
"1296","MYCA",20330,"NE","●"
"1297","MYCA",20330,"SE","●"
"1298","MYCA",20330,"SW1","●"
"1299","MYCA",20330,"SW2","●"
"1300","MYCA",20730,"NE",NA
"1301","MYCA",20730,"NW",NA
"1302","MYCA",20730,"SE",NA
"1303","MYCA",20730,"SW",NA
"1304","MYCA",20730,"Transects",NA
"1305","MYCA",26170,"NE","●"
"1306","MYCA",26170,"NW","●"
"1307","MYCA",26170,"SE","●"
"1308","MYCA",26170,"SW","●"
"1309","MYCA",37274,"NE",NA
"1310","MYCA",37274,"SE",NA
"1311","MYCA",37274,"SW",NA
"1312","MYCA",42026,"NE",NA
"1313","MYCA",42026,"NW",NA
"1314","MYCA",42026,"SE",NA
"1315","MYCA",42026,"SW",NA
"1316","MYCA",47210,"NE","●"
"1317","MYCA",47210,"NW","●"
"1318","MYCA",47210,"SE","●"
"1319","MYCA",47322,"NE",NA
"1320","MYCA",47322,"NW",NA
"1321","MYCA",47322,"SW",NA
"1322","MYCA",47322,"Transects",NA
"1323","MYCA",58842,"NW",NA
"1324","MYCA",58842,"SE",NA
"1325","MYCA",58842,"SW",NA
"1326","MYCA",60586,"NW","●"
"1327","MYCA",60586,"SW","●"
"1328","MYCA",60586,"Transects","●"
"1329","MYCA",70250,"NW","○"
"1330","MYCA",70250,"Transects","●"
"1331","MYCA",73002,"NE","●"
"1332","MYCA",73002,"SE","●"
"1333","MYCA",73002,"SW","●"
"1334","MYCA",73002,"Transects",NA
"1335","MYCA",73786,"NW","●"
"1336","MYCA",73786,"SE","●"
"1337","MYCA",73786,"Transects",NA
"1338","MYCA",77162,"NW1","●"
"1339","MYCA",77162,"NW2","●"
"1340","MYCA",77162,"SW","●"
"1341","MYCA",77162,"Transects",NA
"1342","MYCA",79018,"NE","●"
"1343","MYCA",79018,"NW","●"
"1344","MYCA",79018,"SE","●"
"1345","MYCA",79018,"SW","●"
"1346","MYCA",79018,"Transects",NA
"1347","MYCA",86074,"NE",NA
"1348","MYCA",86074,"SW","○"
"1349","MYCA",89962,"NE",NA
"1350","MYCA",89962,"SE","●"
"1351","MYCA",89962,"SW","●"
"1352","MYCA",93290,"NW","●"
"1353","MYCA",93290,"SE","●"
"1354","MYCA",93290,"SW","●"
"1355","MYCA",93290,"Transects",NA
"1356","MYCA",110378,"NE","●"
"1357","MYCA",110378,"NW","●"
"1358","MYCA",110378,"SE","●"
"1359","MYCA",110378,"SW","●"
"1360","MYCA",114602,"NE","●"
"1361","MYCA",114602,"NW","●"
"1362","MYCA",114602,"SE","●"
"1363","MYCA",114602,"SW","●"
"1364","MYCA",115322,"NW","●"
"1365","MYCA",115322,"SE","●"
"1366","MYCA",115322,"SW","●"
"1367","MYCA",127850,"NW","○"
"1368","MYCA",127850,"SE1",NA
"1369","MYCA",127850,"SW","●"
"1370","MYCA",132650,"SE","●"
"1371","MYCA",132650,"SW",NA
"1372","MYCA",143274,"NE","●"
"1373","MYCA",143274,"NW","●"
"1374","MYCA",143274,"SE","●"
"1375","MYCA",143274,"SW","●"
"1376","MYCA",145578,"NE","●"
"1377","MYCA",145578,"NW","●"
"1378","MYCA",145578,"SE","●"
"1379","MYCA",145578,"SW","●"
"1380","MYCA",147306,"NE1","●"
"1381","MYCA",147306,"NE2","●"
"1382","MYCA",147306,"SE1","●"
"1383","MYCA",147306,"SE2","●"
"1384","MYCA",147306,"Transects",NA
"1385","MYCA",151210,"NE","●"
"1386","MYCA",175354,"SW",NA
"1387","MYCA",186330,"NE",NA
"1388","MYCA",186330,"NW",NA
"1389","MYCA",186490,"NW","●"
"1390","MYCA",186490,"SW","●"
"1391","MYCA",194666,"NE","●"
"1392","MYCA",194666,"SE1","●"
"1393","MYCA",194666,"SE2","●"
"1394","MYCA",195242,"SE","●"
"1395","MYCA",195242,"SE2","●"
"1396","MYCA",195242,"SW","●"
"1397","MYCA",195242,"SW2","●"
"1398","MYCA",195242,"SW3","●"
"1399","MYCA",206394,"NE",NA
"1400","MYCA",206394,"NW","●"
"1401","MYCA",206394,"SE","●"
"1402","MYCA",206394,"SW","●"
"1403","MYCA",212266,"NE","●"
"1404","MYCA",212266,"NW","●"
"1405","MYCA",212266,"SE","●"
"1406","MYCA",212266,"SW","●"
"1407","MYCA",212266,"Transects",NA
"1408","MYCA",212906,"NW","●"
"1409","MYCA",212906,"SE","●"
"1410","MYCA",212906,"SW","●"
"1411","MYCA",216746,"NW","●"
"1412","MYCA",216746,"SE","●"
"1413","MYCA",216746,"SW1","●"
"1414","MYCA",216746,"SW2","●"
"1415","MYCA",218282,"SE","●"
"1416","MYCA",218282,"SW","●"
"1417","MYCA",219626,"SW","●"
"1418","MYCA",230186,"NE","●"
"1419","MYCA",230186,"SE","●"
"1420","MYCA",230186,"Transects","●"
"1421","MYCA",241002,"NE","●"
"1422","MYCA",241002,"NW","●"
"1423","MYCA",241002,"Transects",NA
"1424","MYCA",243562,"NE","●"
"1425","MYCA",243562,"SE","●"
"1426","MYCA",243562,"SW2","●"
"1427","MYCA",252394,"NW","●"
"1428","MYCA",265749,"NW","●"
"1429","MYCA",265749,"SE","●"
"1430","MYCA",265749,"SW","●"
"1431","MYCA",268521,"NE","●"
"1432","MYCA",268521,"NW","●"
"1433","MYCA",268521,"SE","●"
"1434","MYCA",268521,"Transects",NA
"1435","MYCA",271731,"SE1","●"
"1436","MYCA",271731,"SE2","●"
"1437","MYCA",271731,"SW","●"
"1438","MYCA",273050,"NE","●"
"1439","MYCA",273050,"NE2","●"
"1440","MYCA",273050,"SE1","●"
"1441","MYCA",273050,"SE2","●"
"1442","MYCA",283586,"NE",NA
"1443","MYCA",283586,"NW",NA
"1444","MYCA",283586,"SE",NA
"1445","MYCA",283586,"SW",NA
"1446","MYCA",294832,"NE",NA
"1447","MYCA",294832,"NW",NA
"1448","MYCA",294832,"SE",NA
"1449","MYCA",294832,"SW",NA
"1450","MYCA",294832,"Transects",NA
"1451","MYCA",317428,"NE","●"
"1452","MYCA",317428,"NW","●"
"1453","MYCA",317428,"SE","●"
"1454","MYCA",326072,"NW","●"
"1455","MYCA",326072,"SW","●"
"1456","MYCA",326072,"Transects",NA
"1457","MYCI",986,"NE",NA
"1458","MYCI",986,"SE",NA
"1459","MYCI",1194,"NW",NA
"1460","MYCI",1194,"SW2",NA
"1461","MYCI",5994,"NE","○"
"1462","MYCI",5994,"SE","●"
"1463","MYCI",6202,"NE",NA
"1464","MYCI",6202,"SW",NA
"1465","MYCI",9466,"NE",NA
"1466","MYCI",9466,"NW",NA
"1467","MYCI",9466,"SE",NA
"1468","MYCI",9466,"SW",NA
"1469","MYCI",9466,"Transects",NA
"1470","MYCI",12522,"NW",NA
"1471","MYCI",12522,"SE",NA
"1472","MYCI",16426,"NE",NA
"1473","MYCI",16426,"SE",NA
"1474","MYCI",17706,"NW",NA
"1475","MYCI",17706,"SE",NA
"1476","MYCI",17706,"Transects",NA
"1477","MYCI",19514,"SW",NA
"1478","MYCI",20330,"NE",NA
"1479","MYCI",20330,"SE","○"
"1480","MYCI",20330,"SW1","○"
"1481","MYCI",20330,"SW2","●"
"1482","MYCI",20730,"NE",NA
"1483","MYCI",20730,"NW",NA
"1484","MYCI",20730,"SE",NA
"1485","MYCI",20730,"SW",NA
"1486","MYCI",20730,"Transects",NA
"1487","MYCI",26170,"NE",NA
"1488","MYCI",26170,"NW",NA
"1489","MYCI",26170,"SE",NA
"1490","MYCI",26170,"SW",NA
"1491","MYCI",37274,"NE",NA
"1492","MYCI",37274,"SE",NA
"1493","MYCI",37274,"SW",NA
"1494","MYCI",42026,"NE",NA
"1495","MYCI",42026,"NW",NA
"1496","MYCI",42026,"SE",NA
"1497","MYCI",42026,"SW",NA
"1498","MYCI",47210,"NE","●"
"1499","MYCI",47210,"NW","●"
"1500","MYCI",47210,"SE","●"
"1501","MYCI",47322,"NE",NA
"1502","MYCI",47322,"NW",NA
"1503","MYCI",47322,"SW",NA
"1504","MYCI",47322,"Transects",NA
"1505","MYCI",58842,"NW",NA
"1506","MYCI",58842,"SE",NA
"1507","MYCI",58842,"SW",NA
"1508","MYCI",60586,"NW",NA
"1509","MYCI",60586,"SW",NA
"1510","MYCI",60586,"Transects",NA
"1511","MYCI",70250,"NW",NA
"1512","MYCI",70250,"Transects",NA
"1513","MYCI",73002,"NE","●"
"1514","MYCI",73002,"SE","●"
"1515","MYCI",73002,"SW","●"
"1516","MYCI",73002,"Transects",NA
"1517","MYCI",73786,"NW",NA
"1518","MYCI",73786,"SE",NA
"1519","MYCI",73786,"Transects",NA
"1520","MYCI",77162,"NW1",NA
"1521","MYCI",77162,"NW2",NA
"1522","MYCI",77162,"SW",NA
"1523","MYCI",77162,"Transects",NA
"1524","MYCI",79018,"NE",NA
"1525","MYCI",79018,"NW",NA
"1526","MYCI",79018,"SE",NA
"1527","MYCI",79018,"SW",NA
"1528","MYCI",79018,"Transects",NA
"1529","MYCI",86074,"NE",NA
"1530","MYCI",86074,"SW",NA
"1531","MYCI",89962,"NE",NA
"1532","MYCI",89962,"SE","○"
"1533","MYCI",89962,"SW","●"
"1534","MYCI",93290,"NW","●"
"1535","MYCI",93290,"SE","●"
"1536","MYCI",93290,"SW","●"
"1537","MYCI",93290,"Transects","●"
"1538","MYCI",110378,"NE","●"
"1539","MYCI",110378,"NW","●"
"1540","MYCI",110378,"SE","●"
"1541","MYCI",110378,"SW","●"
"1542","MYCI",114602,"NE",NA
"1543","MYCI",114602,"NW",NA
"1544","MYCI",114602,"SE",NA
"1545","MYCI",114602,"SW",NA
"1546","MYCI",115322,"NW",NA
"1547","MYCI",115322,"SE",NA
"1548","MYCI",115322,"SW",NA
"1549","MYCI",127850,"NW",NA
"1550","MYCI",127850,"SE1",NA
"1551","MYCI",127850,"SW",NA
"1552","MYCI",132650,"SE","●"
"1553","MYCI",132650,"SW",NA
"1554","MYCI",143274,"NE",NA
"1555","MYCI",143274,"NW",NA
"1556","MYCI",143274,"SE",NA
"1557","MYCI",143274,"SW",NA
"1558","MYCI",145578,"NE","○"
"1559","MYCI",145578,"NW",NA
"1560","MYCI",145578,"SE",NA
"1561","MYCI",145578,"SW","●"
"1562","MYCI",147306,"NE1",NA
"1563","MYCI",147306,"NE2","●"
"1564","MYCI",147306,"SE1",NA
"1565","MYCI",147306,"SE2",NA
"1566","MYCI",147306,"Transects",NA
"1567","MYCI",151210,"NE",NA
"1568","MYCI",175354,"SW",NA
"1569","MYCI",186330,"NE",NA
"1570","MYCI",186330,"NW",NA
"1571","MYCI",186490,"NW",NA
"1572","MYCI",186490,"SW",NA
"1573","MYCI",194666,"NE","●"
"1574","MYCI",194666,"SE1","●"
"1575","MYCI",194666,"SE2","●"
"1576","MYCI",195242,"SE",NA
"1577","MYCI",195242,"SE2",NA
"1578","MYCI",195242,"SW",NA
"1579","MYCI",195242,"SW2",NA
"1580","MYCI",195242,"SW3",NA
"1581","MYCI",206394,"NE",NA
"1582","MYCI",206394,"NW",NA
"1583","MYCI",206394,"SE",NA
"1584","MYCI",206394,"SW",NA
"1585","MYCI",212266,"NE","●"
"1586","MYCI",212266,"NW",NA
"1587","MYCI",212266,"SE","●"
"1588","MYCI",212266,"SW","●"
"1589","MYCI",212266,"Transects",NA
"1590","MYCI",212906,"NW",NA
"1591","MYCI",212906,"SE",NA
"1592","MYCI",212906,"SW",NA
"1593","MYCI",216746,"NW",NA
"1594","MYCI",216746,"SE",NA
"1595","MYCI",216746,"SW1",NA
"1596","MYCI",216746,"SW2",NA
"1597","MYCI",218282,"SE",NA
"1598","MYCI",218282,"SW",NA
"1599","MYCI",219626,"SW",NA
"1600","MYCI",230186,"NE",NA
"1601","MYCI",230186,"SE",NA
"1602","MYCI",230186,"Transects",NA
"1603","MYCI",241002,"NE",NA
"1604","MYCI",241002,"NW",NA
"1605","MYCI",241002,"Transects",NA
"1606","MYCI",243562,"NE","○"
"1607","MYCI",243562,"SE","○"
"1608","MYCI",243562,"SW2","○"
"1609","MYCI",252394,"NW",NA
"1610","MYCI",265749,"NW","●"
"1611","MYCI",265749,"SE","●"
"1612","MYCI",265749,"SW","●"
"1613","MYCI",268521,"NE",NA
"1614","MYCI",268521,"NW",NA
"1615","MYCI",268521,"SE",NA
"1616","MYCI",268521,"Transects",NA
"1617","MYCI",271731,"SE1",NA
"1618","MYCI",271731,"SE2",NA
"1619","MYCI",271731,"SW",NA
"1620","MYCI",273050,"NE",NA
"1621","MYCI",273050,"NE2",NA
"1622","MYCI",273050,"SE1","○"
"1623","MYCI",273050,"SE2",NA
"1624","MYCI",283586,"NE",NA
"1625","MYCI",283586,"NW",NA
"1626","MYCI",283586,"SE",NA
"1627","MYCI",283586,"SW",NA
"1628","MYCI",294832,"NE",NA
"1629","MYCI",294832,"NW",NA
"1630","MYCI",294832,"SE",NA
"1631","MYCI",294832,"SW",NA
"1632","MYCI",294832,"Transects",NA
"1633","MYCI",317428,"NE","●"
"1634","MYCI",317428,"NW",NA
"1635","MYCI",317428,"SE","●"
"1636","MYCI",326072,"NW",NA
"1637","MYCI",326072,"SW","○"
"1638","MYCI",326072,"Transects",NA
"1639","MYEV",986,"NE","●"
"1640","MYEV",986,"SE","●"
"1641","MYEV",1194,"NW","●"
"1642","MYEV",1194,"SW2","●"
"1643","MYEV",5994,"NE","●"
"1644","MYEV",5994,"SE","●"
"1645","MYEV",6202,"NE",NA
"1646","MYEV",6202,"SW","●"
"1647","MYEV",9466,"NE","●"
"1648","MYEV",9466,"NW","●"
"1649","MYEV",9466,"SE","●"
"1650","MYEV",9466,"SW","●"
"1651","MYEV",9466,"Transects",NA
"1652","MYEV",12522,"NW",NA
"1653","MYEV",12522,"SE",NA
"1654","MYEV",16426,"NE","○"
"1655","MYEV",16426,"SE",NA
"1656","MYEV",17706,"NW","●"
"1657","MYEV",17706,"SE","●"
"1658","MYEV",17706,"Transects",NA
"1659","MYEV",19514,"SW","●"
"1660","MYEV",20330,"NE","●"
"1661","MYEV",20330,"SE","●"
"1662","MYEV",20330,"SW1","●"
"1663","MYEV",20330,"SW2","●"
"1664","MYEV",20730,"NE","●"
"1665","MYEV",20730,"NW","●"
"1666","MYEV",20730,"SE","●"
"1667","MYEV",20730,"SW",NA
"1668","MYEV",20730,"Transects",NA
"1669","MYEV",26170,"NE","●"
"1670","MYEV",26170,"NW","●"
"1671","MYEV",26170,"SE","●"
"1672","MYEV",26170,"SW","●"
"1673","MYEV",37274,"NE","●"
"1674","MYEV",37274,"SE","●"
"1675","MYEV",37274,"SW","●"
"1676","MYEV",42026,"NE",NA
"1677","MYEV",42026,"NW","●"
"1678","MYEV",42026,"SE","●"
"1679","MYEV",42026,"SW","●"
"1680","MYEV",47210,"NE","●"
"1681","MYEV",47210,"NW","●"
"1682","MYEV",47210,"SE","●"
"1683","MYEV",47322,"NE","●"
"1684","MYEV",47322,"NW","●"
"1685","MYEV",47322,"SW","●"
"1686","MYEV",47322,"Transects",NA
"1687","MYEV",58842,"NW","●"
"1688","MYEV",58842,"SE","●"
"1689","MYEV",58842,"SW","●"
"1690","MYEV",60586,"NW","●"
"1691","MYEV",60586,"SW","●"
"1692","MYEV",60586,"Transects",NA
"1693","MYEV",70250,"NW","●"
"1694","MYEV",70250,"Transects",NA
"1695","MYEV",73002,"NE","●"
"1696","MYEV",73002,"SE",NA
"1697","MYEV",73002,"SW","●"
"1698","MYEV",73002,"Transects",NA
"1699","MYEV",73786,"NW",NA
"1700","MYEV",73786,"SE",NA
"1701","MYEV",73786,"Transects",NA
"1702","MYEV",77162,"NW1","●"
"1703","MYEV",77162,"NW2","●"
"1704","MYEV",77162,"SW","●"
"1705","MYEV",77162,"Transects",NA
"1706","MYEV",79018,"NE","●"
"1707","MYEV",79018,"NW","●"
"1708","MYEV",79018,"SE","●"
"1709","MYEV",79018,"SW","●"
"1710","MYEV",79018,"Transects",NA
"1711","MYEV",86074,"NE","○"
"1712","MYEV",86074,"SW","○"
"1713","MYEV",89962,"NE",NA
"1714","MYEV",89962,"SE","●"
"1715","MYEV",89962,"SW","●"
"1716","MYEV",93290,"NW","●"
"1717","MYEV",93290,"SE","●"
"1718","MYEV",93290,"SW","●"
"1719","MYEV",93290,"Transects",NA
"1720","MYEV",110378,"NE","●"
"1721","MYEV",110378,"NW","●"
"1722","MYEV",110378,"SE","●"
"1723","MYEV",110378,"SW","●"
"1724","MYEV",114602,"NE","●"
"1725","MYEV",114602,"NW","●"
"1726","MYEV",114602,"SE","●"
"1727","MYEV",114602,"SW","●"
"1728","MYEV",115322,"NW","●"
"1729","MYEV",115322,"SE","●"
"1730","MYEV",115322,"SW","●"
"1731","MYEV",127850,"NW","●"
"1732","MYEV",127850,"SE1",NA
"1733","MYEV",127850,"SW","●"
"1734","MYEV",132650,"SE","●"
"1735","MYEV",132650,"SW",NA
"1736","MYEV",143274,"NE","●"
"1737","MYEV",143274,"NW","●"
"1738","MYEV",143274,"SE","●"
"1739","MYEV",143274,"SW","●"
"1740","MYEV",145578,"NE","●"
"1741","MYEV",145578,"NW","●"
"1742","MYEV",145578,"SE","●"
"1743","MYEV",145578,"SW","●"
"1744","MYEV",147306,"NE1",NA
"1745","MYEV",147306,"NE2","●"
"1746","MYEV",147306,"SE1","●"
"1747","MYEV",147306,"SE2","●"
"1748","MYEV",147306,"Transects",NA
"1749","MYEV",151210,"NE","●"
"1750","MYEV",175354,"SW","●"
"1751","MYEV",186330,"NE","●"
"1752","MYEV",186330,"NW","●"
"1753","MYEV",186490,"NW","●"
"1754","MYEV",186490,"SW","●"
"1755","MYEV",194666,"NE","●"
"1756","MYEV",194666,"SE1","●"
"1757","MYEV",194666,"SE2","●"
"1758","MYEV",195242,"SE","●"
"1759","MYEV",195242,"SE2","●"
"1760","MYEV",195242,"SW",NA
"1761","MYEV",195242,"SW2","●"
"1762","MYEV",195242,"SW3","●"
"1763","MYEV",206394,"NE",NA
"1764","MYEV",206394,"NW","●"
"1765","MYEV",206394,"SE","●"
"1766","MYEV",206394,"SW","●"
"1767","MYEV",212266,"NE","●"
"1768","MYEV",212266,"NW","●"
"1769","MYEV",212266,"SE","●"
"1770","MYEV",212266,"SW","●"
"1771","MYEV",212266,"Transects",NA
"1772","MYEV",212906,"NW","●"
"1773","MYEV",212906,"SE","●"
"1774","MYEV",212906,"SW","●"
"1775","MYEV",216746,"NW","●"
"1776","MYEV",216746,"SE","●"
"1777","MYEV",216746,"SW1","●"
"1778","MYEV",216746,"SW2",NA
"1779","MYEV",218282,"SE","●"
"1780","MYEV",218282,"SW","●"
"1781","MYEV",219626,"SW","●"
"1782","MYEV",230186,"NE","●"
"1783","MYEV",230186,"SE","●"
"1784","MYEV",230186,"Transects","●"
"1785","MYEV",241002,"NE","●"
"1786","MYEV",241002,"NW","●"
"1787","MYEV",241002,"Transects",NA
"1788","MYEV",243562,"NE","●"
"1789","MYEV",243562,"SE","●"
"1790","MYEV",243562,"SW2","●"
"1791","MYEV",252394,"NW","●"
"1792","MYEV",265749,"NW","●"
"1793","MYEV",265749,"SE","●"
"1794","MYEV",265749,"SW","●"
"1795","MYEV",268521,"NE","●"
"1796","MYEV",268521,"NW","●"
"1797","MYEV",268521,"SE","●"
"1798","MYEV",268521,"Transects",NA
"1799","MYEV",271731,"SE1","●"
"1800","MYEV",271731,"SE2","●"
"1801","MYEV",271731,"SW","●"
"1802","MYEV",273050,"NE","●"
"1803","MYEV",273050,"NE2","●"
"1804","MYEV",273050,"SE1","●"
"1805","MYEV",273050,"SE2",NA
"1806","MYEV",283586,"NE",NA
"1807","MYEV",283586,"NW",NA
"1808","MYEV",283586,"SE",NA
"1809","MYEV",283586,"SW",NA
"1810","MYEV",294832,"NE",NA
"1811","MYEV",294832,"NW",NA
"1812","MYEV",294832,"SE",NA
"1813","MYEV",294832,"SW",NA
"1814","MYEV",294832,"Transects",NA
"1815","MYEV",317428,"NE","●"
"1816","MYEV",317428,"NW","●"
"1817","MYEV",317428,"SE","●"
"1818","MYEV",326072,"NW",NA
"1819","MYEV",326072,"SW","●"
"1820","MYEV",326072,"Transects",NA
"1821","MYLU",986,"NE","●"
"1822","MYLU",986,"SE","●"
"1823","MYLU",1194,"NW","●"
"1824","MYLU",1194,"SW2","●"
"1825","MYLU",5994,"NE","●"
"1826","MYLU",5994,"SE","●"
"1827","MYLU",6202,"NE","●"
"1828","MYLU",6202,"SW","●"
"1829","MYLU",9466,"NE","●"
"1830","MYLU",9466,"NW","●"
"1831","MYLU",9466,"SE","●"
"1832","MYLU",9466,"SW","●"
"1833","MYLU",9466,"Transects",NA
"1834","MYLU",12522,"NW",NA
"1835","MYLU",12522,"SE",NA
"1836","MYLU",16426,"NE","●"
"1837","MYLU",16426,"SE","●"
"1838","MYLU",17706,"NW",NA
"1839","MYLU",17706,"SE","●"
"1840","MYLU",17706,"Transects","●"
"1841","MYLU",19514,"SW","●"
"1842","MYLU",20330,"NE","●"
"1843","MYLU",20330,"SE","●"
"1844","MYLU",20330,"SW1","●"
"1845","MYLU",20330,"SW2","●"
"1846","MYLU",20730,"NE","●"
"1847","MYLU",20730,"NW","●"
"1848","MYLU",20730,"SE","●"
"1849","MYLU",20730,"SW",NA
"1850","MYLU",20730,"Transects","●"
"1851","MYLU",26170,"NE","●"
"1852","MYLU",26170,"NW","●"
"1853","MYLU",26170,"SE","●"
"1854","MYLU",26170,"SW","●"
"1855","MYLU",37274,"NE","●"
"1856","MYLU",37274,"SE","●"
"1857","MYLU",37274,"SW","●"
"1858","MYLU",42026,"NE","●"
"1859","MYLU",42026,"NW","●"
"1860","MYLU",42026,"SE","●"
"1861","MYLU",42026,"SW","●"
"1862","MYLU",47210,"NE","●"
"1863","MYLU",47210,"NW","●"
"1864","MYLU",47210,"SE","●"
"1865","MYLU",47322,"NE","●"
"1866","MYLU",47322,"NW","●"
"1867","MYLU",47322,"SW","●"
"1868","MYLU",47322,"Transects","●"
"1869","MYLU",58842,"NW","●"
"1870","MYLU",58842,"SE","●"
"1871","MYLU",58842,"SW","●"
"1872","MYLU",60586,"NW","●"
"1873","MYLU",60586,"SW","●"
"1874","MYLU",60586,"Transects","●"
"1875","MYLU",70250,"NW","●"
"1876","MYLU",70250,"Transects","●"
"1877","MYLU",73002,"NE","●"
"1878","MYLU",73002,"SE","●"
"1879","MYLU",73002,"SW","●"
"1880","MYLU",73002,"Transects",NA
"1881","MYLU",73786,"NW","●"
"1882","MYLU",73786,"SE","●"
"1883","MYLU",73786,"Transects",NA
"1884","MYLU",77162,"NW1","●"
"1885","MYLU",77162,"NW2","●"
"1886","MYLU",77162,"SW","●"
"1887","MYLU",77162,"Transects",NA
"1888","MYLU",79018,"NE","●"
"1889","MYLU",79018,"NW","●"
"1890","MYLU",79018,"SE","●"
"1891","MYLU",79018,"SW","●"
"1892","MYLU",79018,"Transects",NA
"1893","MYLU",86074,"NE",NA
"1894","MYLU",86074,"SW","○"
"1895","MYLU",89962,"NE",NA
"1896","MYLU",89962,"SE","●"
"1897","MYLU",89962,"SW","●"
"1898","MYLU",93290,"NW","●"
"1899","MYLU",93290,"SE","●"
"1900","MYLU",93290,"SW","●"
"1901","MYLU",93290,"Transects","●"
"1902","MYLU",110378,"NE","●"
"1903","MYLU",110378,"NW","●"
"1904","MYLU",110378,"SE","●"
"1905","MYLU",110378,"SW","●"
"1906","MYLU",114602,"NE","●"
"1907","MYLU",114602,"NW","●"
"1908","MYLU",114602,"SE","●"
"1909","MYLU",114602,"SW","●"
"1910","MYLU",115322,"NW","●"
"1911","MYLU",115322,"SE","●"
"1912","MYLU",115322,"SW","●"
"1913","MYLU",127850,"NW","●"
"1914","MYLU",127850,"SE1",NA
"1915","MYLU",127850,"SW","●"
"1916","MYLU",132650,"SE","●"
"1917","MYLU",132650,"SW",NA
"1918","MYLU",143274,"NE","●"
"1919","MYLU",143274,"NW","●"
"1920","MYLU",143274,"SE","●"
"1921","MYLU",143274,"SW","●"
"1922","MYLU",145578,"NE","●"
"1923","MYLU",145578,"NW","●"
"1924","MYLU",145578,"SE","●"
"1925","MYLU",145578,"SW","●"
"1926","MYLU",147306,"NE1","●"
"1927","MYLU",147306,"NE2","●"
"1928","MYLU",147306,"SE1","●"
"1929","MYLU",147306,"SE2","●"
"1930","MYLU",147306,"Transects",NA
"1931","MYLU",151210,"NE","●"
"1932","MYLU",175354,"SW","●"
"1933","MYLU",186330,"NE","●"
"1934","MYLU",186330,"NW","●"
"1935","MYLU",186490,"NW","●"
"1936","MYLU",186490,"SW","●"
"1937","MYLU",194666,"NE","●"
"1938","MYLU",194666,"SE1","●"
"1939","MYLU",194666,"SE2","●"
"1940","MYLU",195242,"SE","●"
"1941","MYLU",195242,"SE2","●"
"1942","MYLU",195242,"SW","●"
"1943","MYLU",195242,"SW2","●"
"1944","MYLU",195242,"SW3","●"
"1945","MYLU",206394,"NE","●"
"1946","MYLU",206394,"NW","●"
"1947","MYLU",206394,"SE","●"
"1948","MYLU",206394,"SW","●"
"1949","MYLU",212266,"NE","●"
"1950","MYLU",212266,"NW","○"
"1951","MYLU",212266,"SE","●"
"1952","MYLU",212266,"SW","●"
"1953","MYLU",212266,"Transects",NA
"1954","MYLU",212906,"NW","●"
"1955","MYLU",212906,"SE","●"
"1956","MYLU",212906,"SW","●"
"1957","MYLU",216746,"NW","●"
"1958","MYLU",216746,"SE","●"
"1959","MYLU",216746,"SW1","●"
"1960","MYLU",216746,"SW2","●"
"1961","MYLU",218282,"SE","●"
"1962","MYLU",218282,"SW","●"
"1963","MYLU",219626,"SW","●"
"1964","MYLU",230186,"NE","●"
"1965","MYLU",230186,"SE","●"
"1966","MYLU",230186,"Transects","●"
"1967","MYLU",241002,"NE","●"
"1968","MYLU",241002,"NW","●"
"1969","MYLU",241002,"Transects",NA
"1970","MYLU",243562,"NE","●"
"1971","MYLU",243562,"SE","●"
"1972","MYLU",243562,"SW2","●"
"1973","MYLU",252394,"NW","●"
"1974","MYLU",265749,"NW","●"
"1975","MYLU",265749,"SE","●"
"1976","MYLU",265749,"SW","●"
"1977","MYLU",268521,"NE","●"
"1978","MYLU",268521,"NW","●"
"1979","MYLU",268521,"SE","●"
"1980","MYLU",268521,"Transects",NA
"1981","MYLU",271731,"SE1","●"
"1982","MYLU",271731,"SE2","●"
"1983","MYLU",271731,"SW","●"
"1984","MYLU",273050,"NE","●"
"1985","MYLU",273050,"NE2","●"
"1986","MYLU",273050,"SE1","●"
"1987","MYLU",273050,"SE2","●"
"1988","MYLU",283586,"NE",NA
"1989","MYLU",283586,"NW",NA
"1990","MYLU",283586,"SE",NA
"1991","MYLU",283586,"SW",NA
"1992","MYLU",294832,"NE","●"
"1993","MYLU",294832,"NW","●"
"1994","MYLU",294832,"SE","●"
"1995","MYLU",294832,"SW","●"
"1996","MYLU",294832,"Transects","●"
"1997","MYLU",317428,"NE","●"
"1998","MYLU",317428,"NW","●"
"1999","MYLU",317428,"SE","●"
"2000","MYLU",326072,"NW","●"
"2001","MYLU",326072,"SW","●"
"2002","MYLU",326072,"Transects",NA
"2003","MYSE",986,"NE",NA
"2004","MYSE",986,"SE",NA
"2005","MYSE",1194,"NW",NA
"2006","MYSE",1194,"SW2","●"
"2007","MYSE",5994,"NE",NA
"2008","MYSE",5994,"SE",NA
"2009","MYSE",6202,"NE",NA
"2010","MYSE",6202,"SW",NA
"2011","MYSE",9466,"NE",NA
"2012","MYSE",9466,"NW","○"
"2013","MYSE",9466,"SE",NA
"2014","MYSE",9466,"SW","○"
"2015","MYSE",9466,"Transects",NA
"2016","MYSE",12522,"NW",NA
"2017","MYSE",12522,"SE",NA
"2018","MYSE",16426,"NE",NA
"2019","MYSE",16426,"SE",NA
"2020","MYSE",17706,"NW",NA
"2021","MYSE",17706,"SE",NA
"2022","MYSE",17706,"Transects",NA
"2023","MYSE",19514,"SW",NA
"2024","MYSE",20330,"NE",NA
"2025","MYSE",20330,"SE",NA
"2026","MYSE",20330,"SW1",NA
"2027","MYSE",20330,"SW2",NA
"2028","MYSE",20730,"NE","●"
"2029","MYSE",20730,"NW","○"
"2030","MYSE",20730,"SE",NA
"2031","MYSE",20730,"SW",NA
"2032","MYSE",20730,"Transects",NA
"2033","MYSE",26170,"NE",NA
"2034","MYSE",26170,"NW",NA
"2035","MYSE",26170,"SE",NA
"2036","MYSE",26170,"SW",NA
"2037","MYSE",37274,"NE",NA
"2038","MYSE",37274,"SE",NA
"2039","MYSE",37274,"SW",NA
"2040","MYSE",42026,"NE",NA
"2041","MYSE",42026,"NW",NA
"2042","MYSE",42026,"SE","●"
"2043","MYSE",42026,"SW","●"
"2044","MYSE",47210,"NE",NA
"2045","MYSE",47210,"NW",NA
"2046","MYSE",47210,"SE",NA
"2047","MYSE",47322,"NE","●"
"2048","MYSE",47322,"NW","●"
"2049","MYSE",47322,"SW","●"
"2050","MYSE",47322,"Transects",NA
"2051","MYSE",58842,"NW",NA
"2052","MYSE",58842,"SE","●"
"2053","MYSE",58842,"SW",NA
"2054","MYSE",60586,"NW",NA
"2055","MYSE",60586,"SW",NA
"2056","MYSE",60586,"Transects",NA
"2057","MYSE",70250,"NW",NA
"2058","MYSE",70250,"Transects",NA
"2059","MYSE",73002,"NE",NA
"2060","MYSE",73002,"SE",NA
"2061","MYSE",73002,"SW",NA
"2062","MYSE",73002,"Transects",NA
"2063","MYSE",73786,"NW",NA
"2064","MYSE",73786,"SE",NA
"2065","MYSE",73786,"Transects",NA
"2066","MYSE",77162,"NW1",NA
"2067","MYSE",77162,"NW2",NA
"2068","MYSE",77162,"SW","●"
"2069","MYSE",77162,"Transects",NA
"2070","MYSE",79018,"NE",NA
"2071","MYSE",79018,"NW",NA
"2072","MYSE",79018,"SE",NA
"2073","MYSE",79018,"SW","●"
"2074","MYSE",79018,"Transects",NA
"2075","MYSE",86074,"NE",NA
"2076","MYSE",86074,"SW",NA
"2077","MYSE",89962,"NE",NA
"2078","MYSE",89962,"SE",NA
"2079","MYSE",89962,"SW",NA
"2080","MYSE",93290,"NW",NA
"2081","MYSE",93290,"SE",NA
"2082","MYSE",93290,"SW",NA
"2083","MYSE",93290,"Transects",NA
"2084","MYSE",110378,"NE",NA
"2085","MYSE",110378,"NW",NA
"2086","MYSE",110378,"SE",NA
"2087","MYSE",110378,"SW",NA
"2088","MYSE",114602,"NE",NA
"2089","MYSE",114602,"NW",NA
"2090","MYSE",114602,"SE",NA
"2091","MYSE",114602,"SW",NA
"2092","MYSE",115322,"NW","●"
"2093","MYSE",115322,"SE","●"
"2094","MYSE",115322,"SW","●"
"2095","MYSE",127850,"NW",NA
"2096","MYSE",127850,"SE1",NA
"2097","MYSE",127850,"SW",NA
"2098","MYSE",132650,"SE",NA
"2099","MYSE",132650,"SW",NA
"2100","MYSE",143274,"NE",NA
"2101","MYSE",143274,"NW",NA
"2102","MYSE",143274,"SE",NA
"2103","MYSE",143274,"SW",NA
"2104","MYSE",145578,"NE",NA
"2105","MYSE",145578,"NW",NA
"2106","MYSE",145578,"SE",NA
"2107","MYSE",145578,"SW",NA
"2108","MYSE",147306,"NE1",NA
"2109","MYSE",147306,"NE2",NA
"2110","MYSE",147306,"SE1",NA
"2111","MYSE",147306,"SE2",NA
"2112","MYSE",147306,"Transects",NA
"2113","MYSE",151210,"NE",NA
"2114","MYSE",175354,"SW","●"
"2115","MYSE",186330,"NE","●"
"2116","MYSE",186330,"NW",NA
"2117","MYSE",186490,"NW","●"
"2118","MYSE",186490,"SW",NA
"2119","MYSE",194666,"NE",NA
"2120","MYSE",194666,"SE1",NA
"2121","MYSE",194666,"SE2",NA
"2122","MYSE",195242,"SE",NA
"2123","MYSE",195242,"SE2",NA
"2124","MYSE",195242,"SW",NA
"2125","MYSE",195242,"SW2",NA
"2126","MYSE",195242,"SW3",NA
"2127","MYSE",206394,"NE",NA
"2128","MYSE",206394,"NW",NA
"2129","MYSE",206394,"SE",NA
"2130","MYSE",206394,"SW",NA
"2131","MYSE",212266,"NE",NA
"2132","MYSE",212266,"NW",NA
"2133","MYSE",212266,"SE",NA
"2134","MYSE",212266,"SW",NA
"2135","MYSE",212266,"Transects",NA
"2136","MYSE",212906,"NW",NA
"2137","MYSE",212906,"SE",NA
"2138","MYSE",212906,"SW",NA
"2139","MYSE",216746,"NW",NA
"2140","MYSE",216746,"SE",NA
"2141","MYSE",216746,"SW1",NA
"2142","MYSE",216746,"SW2",NA
"2143","MYSE",218282,"SE",NA
"2144","MYSE",218282,"SW","●"
"2145","MYSE",219626,"SW",NA
"2146","MYSE",230186,"NE",NA
"2147","MYSE",230186,"SE",NA
"2148","MYSE",230186,"Transects",NA
"2149","MYSE",241002,"NE","●"
"2150","MYSE",241002,"NW","●"
"2151","MYSE",241002,"Transects",NA
"2152","MYSE",243562,"NE","●"
"2153","MYSE",243562,"SE",NA
"2154","MYSE",243562,"SW2",NA
"2155","MYSE",252394,"NW",NA
"2156","MYSE",265749,"NW",NA
"2157","MYSE",265749,"SE",NA
"2158","MYSE",265749,"SW",NA
"2159","MYSE",268521,"NE","○"
"2160","MYSE",268521,"NW",NA
"2161","MYSE",268521,"SE",NA
"2162","MYSE",268521,"Transects",NA
"2163","MYSE",271731,"SE1","●"
"2164","MYSE",271731,"SE2","●"
"2165","MYSE",271731,"SW","●"
"2166","MYSE",273050,"NE",NA
"2167","MYSE",273050,"NE2",NA
"2168","MYSE",273050,"SE1",NA
"2169","MYSE",273050,"SE2",NA
"2170","MYSE",283586,"NE",NA
"2171","MYSE",283586,"NW",NA
"2172","MYSE",283586,"SE",NA
"2173","MYSE",283586,"SW",NA
"2174","MYSE",294832,"NE","●"
"2175","MYSE",294832,"NW","●"
"2176","MYSE",294832,"SE","●"
"2177","MYSE",294832,"SW","●"
"2178","MYSE",294832,"Transects",NA
"2179","MYSE",317428,"NE",NA
"2180","MYSE",317428,"NW",NA
"2181","MYSE",317428,"SE",NA
"2182","MYSE",326072,"NW",NA
"2183","MYSE",326072,"SW",NA
"2184","MYSE",326072,"Transects",NA
"2185","MYTH",986,"NE",NA
"2186","MYTH",986,"SE",NA
"2187","MYTH",1194,"NW",NA
"2188","MYTH",1194,"SW2",NA
"2189","MYTH",5994,"NE","○"
"2190","MYTH",5994,"SE","●"
"2191","MYTH",6202,"NE",NA
"2192","MYTH",6202,"SW",NA
"2193","MYTH",9466,"NE",NA
"2194","MYTH",9466,"NW",NA
"2195","MYTH",9466,"SE",NA
"2196","MYTH",9466,"SW",NA
"2197","MYTH",9466,"Transects",NA
"2198","MYTH",12522,"NW",NA
"2199","MYTH",12522,"SE",NA
"2200","MYTH",16426,"NE",NA
"2201","MYTH",16426,"SE",NA
"2202","MYTH",17706,"NW",NA
"2203","MYTH",17706,"SE","○"
"2204","MYTH",17706,"Transects",NA
"2205","MYTH",19514,"SW",NA
"2206","MYTH",20330,"NE",NA
"2207","MYTH",20330,"SE",NA
"2208","MYTH",20330,"SW1",NA
"2209","MYTH",20330,"SW2",NA
"2210","MYTH",20730,"NE",NA
"2211","MYTH",20730,"NW",NA
"2212","MYTH",20730,"SE",NA
"2213","MYTH",20730,"SW",NA
"2214","MYTH",20730,"Transects",NA
"2215","MYTH",26170,"NE",NA
"2216","MYTH",26170,"NW",NA
"2217","MYTH",26170,"SE",NA
"2218","MYTH",26170,"SW",NA
"2219","MYTH",37274,"NE",NA
"2220","MYTH",37274,"SE",NA
"2221","MYTH",37274,"SW",NA
"2222","MYTH",42026,"NE",NA
"2223","MYTH",42026,"NW",NA
"2224","MYTH",42026,"SE",NA
"2225","MYTH",42026,"SW",NA
"2226","MYTH",47210,"NE",NA
"2227","MYTH",47210,"NW","○"
"2228","MYTH",47210,"SE",NA
"2229","MYTH",47322,"NE",NA
"2230","MYTH",47322,"NW",NA
"2231","MYTH",47322,"SW",NA
"2232","MYTH",47322,"Transects",NA
"2233","MYTH",58842,"NW",NA
"2234","MYTH",58842,"SE",NA
"2235","MYTH",58842,"SW",NA
"2236","MYTH",60586,"NW",NA
"2237","MYTH",60586,"SW",NA
"2238","MYTH",60586,"Transects",NA
"2239","MYTH",70250,"NW",NA
"2240","MYTH",70250,"Transects",NA
"2241","MYTH",73002,"NE","●"
"2242","MYTH",73002,"SE",NA
"2243","MYTH",73002,"SW","○"
"2244","MYTH",73002,"Transects",NA
"2245","MYTH",73786,"NW",NA
"2246","MYTH",73786,"SE",NA
"2247","MYTH",73786,"Transects",NA
"2248","MYTH",77162,"NW1",NA
"2249","MYTH",77162,"NW2",NA
"2250","MYTH",77162,"SW",NA
"2251","MYTH",77162,"Transects",NA
"2252","MYTH",79018,"NE",NA
"2253","MYTH",79018,"NW",NA
"2254","MYTH",79018,"SE",NA
"2255","MYTH",79018,"SW",NA
"2256","MYTH",79018,"Transects",NA
"2257","MYTH",86074,"NE",NA
"2258","MYTH",86074,"SW",NA
"2259","MYTH",89962,"NE",NA
"2260","MYTH",89962,"SE","●"
"2261","MYTH",89962,"SW",NA
"2262","MYTH",93290,"NW","●"
"2263","MYTH",93290,"SE","●"
"2264","MYTH",93290,"SW","●"
"2265","MYTH",93290,"Transects","●"
"2266","MYTH",110378,"NE",NA
"2267","MYTH",110378,"NW","○"
"2268","MYTH",110378,"SE",NA
"2269","MYTH",110378,"SW","●"
"2270","MYTH",114602,"NE",NA
"2271","MYTH",114602,"NW",NA
"2272","MYTH",114602,"SE",NA
"2273","MYTH",114602,"SW",NA
"2274","MYTH",115322,"NW",NA
"2275","MYTH",115322,"SE",NA
"2276","MYTH",115322,"SW",NA
"2277","MYTH",127850,"NW",NA
"2278","MYTH",127850,"SE1",NA
"2279","MYTH",127850,"SW","●"
"2280","MYTH",132650,"SE","○"
"2281","MYTH",132650,"SW",NA
"2282","MYTH",143274,"NE",NA
"2283","MYTH",143274,"NW",NA
"2284","MYTH",143274,"SE",NA
"2285","MYTH",143274,"SW",NA
"2286","MYTH",145578,"NE",NA
"2287","MYTH",145578,"NW",NA
"2288","MYTH",145578,"SE",NA
"2289","MYTH",145578,"SW","●"
"2290","MYTH",147306,"NE1",NA
"2291","MYTH",147306,"NE2","●"
"2292","MYTH",147306,"SE1","●"
"2293","MYTH",147306,"SE2",NA
"2294","MYTH",147306,"Transects",NA
"2295","MYTH",151210,"NE",NA
"2296","MYTH",175354,"SW",NA
"2297","MYTH",186330,"NE",NA
"2298","MYTH",186330,"NW",NA
"2299","MYTH",186490,"NW",NA
"2300","MYTH",186490,"SW",NA
"2301","MYTH",194666,"NE",NA
"2302","MYTH",194666,"SE1","●"
"2303","MYTH",194666,"SE2",NA
"2304","MYTH",195242,"SE",NA
"2305","MYTH",195242,"SE2",NA
"2306","MYTH",195242,"SW",NA
"2307","MYTH",195242,"SW2",NA
"2308","MYTH",195242,"SW3",NA
"2309","MYTH",206394,"NE",NA
"2310","MYTH",206394,"NW",NA
"2311","MYTH",206394,"SE",NA
"2312","MYTH",206394,"SW",NA
"2313","MYTH",212266,"NE","●"
"2314","MYTH",212266,"NW",NA
"2315","MYTH",212266,"SE","●"
"2316","MYTH",212266,"SW","●"
"2317","MYTH",212266,"Transects",NA
"2318","MYTH",212906,"NW",NA
"2319","MYTH",212906,"SE",NA
"2320","MYTH",212906,"SW",NA
"2321","MYTH",216746,"NW",NA
"2322","MYTH",216746,"SE",NA
"2323","MYTH",216746,"SW1",NA
"2324","MYTH",216746,"SW2",NA
"2325","MYTH",218282,"SE",NA
"2326","MYTH",218282,"SW",NA
"2327","MYTH",219626,"SW",NA
"2328","MYTH",230186,"NE",NA
"2329","MYTH",230186,"SE","●"
"2330","MYTH",230186,"Transects",NA
"2331","MYTH",241002,"NE",NA
"2332","MYTH",241002,"NW",NA
"2333","MYTH",241002,"Transects",NA
"2334","MYTH",243562,"NE",NA
"2335","MYTH",243562,"SE",NA
"2336","MYTH",243562,"SW2",NA
"2337","MYTH",252394,"NW",NA
"2338","MYTH",265749,"NW","●"
"2339","MYTH",265749,"SE","●"
"2340","MYTH",265749,"SW",NA
"2341","MYTH",268521,"NE",NA
"2342","MYTH",268521,"NW",NA
"2343","MYTH",268521,"SE",NA
"2344","MYTH",268521,"Transects",NA
"2345","MYTH",271731,"SE1",NA
"2346","MYTH",271731,"SE2",NA
"2347","MYTH",271731,"SW",NA
"2348","MYTH",273050,"NE",NA
"2349","MYTH",273050,"NE2",NA
"2350","MYTH",273050,"SE1",NA
"2351","MYTH",273050,"SE2",NA
"2352","MYTH",283586,"NE",NA
"2353","MYTH",283586,"NW",NA
"2354","MYTH",283586,"SE",NA
"2355","MYTH",283586,"SW",NA
"2356","MYTH",294832,"NE",NA
"2357","MYTH",294832,"NW",NA
"2358","MYTH",294832,"SE",NA
"2359","MYTH",294832,"SW",NA
"2360","MYTH",294832,"Transects",NA
"2361","MYTH",317428,"NE",NA
"2362","MYTH",317428,"NW",NA
"2363","MYTH",317428,"SE",NA
"2364","MYTH",326072,"NW",NA
"2365","MYTH",326072,"SW",NA
"2366","MYTH",326072,"Transects",NA
"2367","MYVO",986,"NE","●"
"2368","MYVO",986,"SE","●"
"2369","MYVO",1194,"NW","●"
"2370","MYVO",1194,"SW2","●"
"2371","MYVO",5994,"NE","●"
"2372","MYVO",5994,"SE","●"
"2373","MYVO",6202,"NE","○"
"2374","MYVO",6202,"SW","●"
"2375","MYVO",9466,"NE","●"
"2376","MYVO",9466,"NW","●"
"2377","MYVO",9466,"SE","●"
"2378","MYVO",9466,"SW","●"
"2379","MYVO",9466,"Transects",NA
"2380","MYVO",12522,"NW",NA
"2381","MYVO",12522,"SE",NA
"2382","MYVO",16426,"NE","●"
"2383","MYVO",16426,"SE","●"
"2384","MYVO",17706,"NW",NA
"2385","MYVO",17706,"SE","○"
"2386","MYVO",17706,"Transects","●"
"2387","MYVO",19514,"SW","●"
"2388","MYVO",20330,"NE","●"
"2389","MYVO",20330,"SE","○"
"2390","MYVO",20330,"SW1","○"
"2391","MYVO",20330,"SW2","●"
"2392","MYVO",20730,"NE","●"
"2393","MYVO",20730,"NW","●"
"2394","MYVO",20730,"SE","●"
"2395","MYVO",20730,"SW",NA
"2396","MYVO",20730,"Transects","●"
"2397","MYVO",26170,"NE",NA
"2398","MYVO",26170,"NW",NA
"2399","MYVO",26170,"SE",NA
"2400","MYVO",26170,"SW",NA
"2401","MYVO",37274,"NE","●"
"2402","MYVO",37274,"SE","●"
"2403","MYVO",37274,"SW","●"
"2404","MYVO",42026,"NE","●"
"2405","MYVO",42026,"NW","●"
"2406","MYVO",42026,"SE","●"
"2407","MYVO",42026,"SW","●"
"2408","MYVO",47210,"NE",NA
"2409","MYVO",47210,"NW",NA
"2410","MYVO",47210,"SE",NA
"2411","MYVO",47322,"NE","●"
"2412","MYVO",47322,"NW","●"
"2413","MYVO",47322,"SW","●"
"2414","MYVO",47322,"Transects","●"
"2415","MYVO",58842,"NW","●"
"2416","MYVO",58842,"SE","●"
"2417","MYVO",58842,"SW","●"
"2418","MYVO",60586,"NW","●"
"2419","MYVO",60586,"SW","●"
"2420","MYVO",60586,"Transects","●"
"2421","MYVO",70250,"NW","●"
"2422","MYVO",70250,"Transects","●"
"2423","MYVO",73002,"NE","●"
"2424","MYVO",73002,"SE","●"
"2425","MYVO",73002,"SW","●"
"2426","MYVO",73002,"Transects",NA
"2427","MYVO",73786,"NW","●"
"2428","MYVO",73786,"SE","●"
"2429","MYVO",73786,"Transects",NA
"2430","MYVO",77162,"NW1","●"
"2431","MYVO",77162,"NW2","●"
"2432","MYVO",77162,"SW","●"
"2433","MYVO",77162,"Transects",NA
"2434","MYVO",79018,"NE","●"
"2435","MYVO",79018,"NW","●"
"2436","MYVO",79018,"SE","●"
"2437","MYVO",79018,"SW","●"
"2438","MYVO",79018,"Transects",NA
"2439","MYVO",86074,"NE",NA
"2440","MYVO",86074,"SW","○"
"2441","MYVO",89962,"NE",NA
"2442","MYVO",89962,"SE","●"
"2443","MYVO",89962,"SW","●"
"2444","MYVO",93290,"NW","●"
"2445","MYVO",93290,"SE","●"
"2446","MYVO",93290,"SW","●"
"2447","MYVO",93290,"Transects","●"
"2448","MYVO",110378,"NE","●"
"2449","MYVO",110378,"NW","●"
"2450","MYVO",110378,"SE","●"
"2451","MYVO",110378,"SW","●"
"2452","MYVO",114602,"NE","●"
"2453","MYVO",114602,"NW","●"
"2454","MYVO",114602,"SE","●"
"2455","MYVO",114602,"SW","○"
"2456","MYVO",115322,"NW","●"
"2457","MYVO",115322,"SE","●"
"2458","MYVO",115322,"SW","●"
"2459","MYVO",127850,"NW","●"
"2460","MYVO",127850,"SE1",NA
"2461","MYVO",127850,"SW","●"
"2462","MYVO",132650,"SE","●"
"2463","MYVO",132650,"SW",NA
"2464","MYVO",143274,"NE","●"
"2465","MYVO",143274,"NW","●"
"2466","MYVO",143274,"SE","●"
"2467","MYVO",143274,"SW","●"
"2468","MYVO",145578,"NE","○"
"2469","MYVO",145578,"NW","●"
"2470","MYVO",145578,"SE","●"
"2471","MYVO",145578,"SW","●"
"2472","MYVO",147306,"NE1",NA
"2473","MYVO",147306,"NE2",NA
"2474","MYVO",147306,"SE1","○"
"2475","MYVO",147306,"SE2",NA
"2476","MYVO",147306,"Transects",NA
"2477","MYVO",151210,"NE","●"
"2478","MYVO",175354,"SW","●"
"2479","MYVO",186330,"NE","●"
"2480","MYVO",186330,"NW","●"
"2481","MYVO",186490,"NW","●"
"2482","MYVO",186490,"SW","●"
"2483","MYVO",194666,"NE","●"
"2484","MYVO",194666,"SE1","●"
"2485","MYVO",194666,"SE2","●"
"2486","MYVO",195242,"SE","●"
"2487","MYVO",195242,"SE2","●"
"2488","MYVO",195242,"SW","●"
"2489","MYVO",195242,"SW2","●"
"2490","MYVO",195242,"SW3","●"
"2491","MYVO",206394,"NE",NA
"2492","MYVO",206394,"NW",NA
"2493","MYVO",206394,"SE",NA
"2494","MYVO",206394,"SW",NA
"2495","MYVO",212266,"NE",NA
"2496","MYVO",212266,"NW","●"
"2497","MYVO",212266,"SE","○"
"2498","MYVO",212266,"SW","●"
"2499","MYVO",212266,"Transects",NA
"2500","MYVO",212906,"NW","●"
"2501","MYVO",212906,"SE","●"
"2502","MYVO",212906,"SW","●"
"2503","MYVO",216746,"NW","○"
"2504","MYVO",216746,"SE","○"
"2505","MYVO",216746,"SW1","●"
"2506","MYVO",216746,"SW2","●"
"2507","MYVO",218282,"SE","○"
"2508","MYVO",218282,"SW","●"
"2509","MYVO",219626,"SW","●"
"2510","MYVO",230186,"NE","●"
"2511","MYVO",230186,"SE","●"
"2512","MYVO",230186,"Transects","●"
"2513","MYVO",241002,"NE","●"
"2514","MYVO",241002,"NW","●"
"2515","MYVO",241002,"Transects",NA
"2516","MYVO",243562,"NE","●"
"2517","MYVO",243562,"SE",NA
"2518","MYVO",243562,"SW2","●"
"2519","MYVO",252394,"NW","●"
"2520","MYVO",265749,"NW","●"
"2521","MYVO",265749,"SE","●"
"2522","MYVO",265749,"SW","●"
"2523","MYVO",268521,"NE","●"
"2524","MYVO",268521,"NW","●"
"2525","MYVO",268521,"SE","●"
"2526","MYVO",268521,"Transects",NA
"2527","MYVO",271731,"SE1","●"
"2528","MYVO",271731,"SE2","●"
"2529","MYVO",271731,"SW","●"
"2530","MYVO",273050,"NE","●"
"2531","MYVO",273050,"NE2","○"
"2532","MYVO",273050,"SE1","●"
"2533","MYVO",273050,"SE2","●"
"2534","MYVO",283586,"NE",NA
"2535","MYVO",283586,"NW",NA
"2536","MYVO",283586,"SE",NA
"2537","MYVO",283586,"SW",NA
"2538","MYVO",294832,"NE","●"
"2539","MYVO",294832,"NW","●"
"2540","MYVO",294832,"SE","●"
"2541","MYVO",294832,"SW","●"
"2542","MYVO",294832,"Transects","●"
"2543","MYVO",317428,"NE","●"
"2544","MYVO",317428,"NW","●"
"2545","MYVO",317428,"SE","●"
"2546","MYVO",326072,"NW","●"
"2547","MYVO",326072,"SW","●"
"2548","MYVO",326072,"Transects",NA
"2549","MYYU",986,"NE",NA
"2550","MYYU",986,"SE","○"
"2551","MYYU",1194,"NW","●"
"2552","MYYU",1194,"SW2","●"
"2553","MYYU",5994,"NE","●"
"2554","MYYU",5994,"SE","●"
"2555","MYYU",6202,"NE","○"
"2556","MYYU",6202,"SW","●"
"2557","MYYU",9466,"NE",NA
"2558","MYYU",9466,"NW",NA
"2559","MYYU",9466,"SE",NA
"2560","MYYU",9466,"SW",NA
"2561","MYYU",9466,"Transects",NA
"2562","MYYU",12522,"NW","●"
"2563","MYYU",12522,"SE",NA
"2564","MYYU",16426,"NE",NA
"2565","MYYU",16426,"SE",NA
"2566","MYYU",17706,"NW","○"
"2567","MYYU",17706,"SE","○"
"2568","MYYU",17706,"Transects",NA
"2569","MYYU",19514,"SW","●"
"2570","MYYU",20330,"NE","●"
"2571","MYYU",20330,"SE","○"
"2572","MYYU",20330,"SW1","●"
"2573","MYYU",20330,"SW2","●"
"2574","MYYU",20730,"NE",NA
"2575","MYYU",20730,"NW",NA
"2576","MYYU",20730,"SE",NA
"2577","MYYU",20730,"SW",NA
"2578","MYYU",20730,"Transects",NA
"2579","MYYU",26170,"NE",NA
"2580","MYYU",26170,"NW",NA
"2581","MYYU",26170,"SE",NA
"2582","MYYU",26170,"SW",NA
"2583","MYYU",37274,"NE",NA
"2584","MYYU",37274,"SE",NA
"2585","MYYU",37274,"SW",NA
"2586","MYYU",42026,"NE",NA
"2587","MYYU",42026,"NW",NA
"2588","MYYU",42026,"SE",NA
"2589","MYYU",42026,"SW",NA
"2590","MYYU",47210,"NE",NA
"2591","MYYU",47210,"NW",NA
"2592","MYYU",47210,"SE",NA
"2593","MYYU",47322,"NE",NA
"2594","MYYU",47322,"NW",NA
"2595","MYYU",47322,"SW",NA
"2596","MYYU",47322,"Transects",NA
"2597","MYYU",58842,"NW",NA
"2598","MYYU",58842,"SE",NA
"2599","MYYU",58842,"SW",NA
"2600","MYYU",60586,"NW","○"
"2601","MYYU",60586,"SW","○"
"2602","MYYU",60586,"Transects","○"
"2603","MYYU",70250,"NW","○"
"2604","MYYU",70250,"Transects","○"
"2605","MYYU",73002,"NE","●"
"2606","MYYU",73002,"SE","○"
"2607","MYYU",73002,"SW","○"
"2608","MYYU",73002,"Transects",NA
"2609","MYYU",73786,"NW","●"
"2610","MYYU",73786,"SE","●"
"2611","MYYU",73786,"Transects",NA
"2612","MYYU",77162,"NW1","●"
"2613","MYYU",77162,"NW2","●"
"2614","MYYU",77162,"SW","●"
"2615","MYYU",77162,"Transects",NA
"2616","MYYU",79018,"NE","○"
"2617","MYYU",79018,"NW","●"
"2618","MYYU",79018,"SE","○"
"2619","MYYU",79018,"SW","●"
"2620","MYYU",79018,"Transects",NA
"2621","MYYU",86074,"NE",NA
"2622","MYYU",86074,"SW","○"
"2623","MYYU",89962,"NE",NA
"2624","MYYU",89962,"SE","●"
"2625","MYYU",89962,"SW","●"
"2626","MYYU",93290,"NW","●"
"2627","MYYU",93290,"SE","●"
"2628","MYYU",93290,"SW","●"
"2629","MYYU",93290,"Transects","●"
"2630","MYYU",110378,"NE","●"
"2631","MYYU",110378,"NW","○"
"2632","MYYU",110378,"SE",NA
"2633","MYYU",110378,"SW","●"
"2634","MYYU",114602,"NE","●"
"2635","MYYU",114602,"NW","○"
"2636","MYYU",114602,"SE","●"
"2637","MYYU",114602,"SW","●"
"2638","MYYU",115322,"NW","●"
"2639","MYYU",115322,"SE","●"
"2640","MYYU",115322,"SW","●"
"2641","MYYU",127850,"NW","○"
"2642","MYYU",127850,"SE1",NA
"2643","MYYU",127850,"SW","●"
"2644","MYYU",132650,"SE","○"
"2645","MYYU",132650,"SW",NA
"2646","MYYU",143274,"NE","●"
"2647","MYYU",143274,"NW","●"
"2648","MYYU",143274,"SE","●"
"2649","MYYU",143274,"SW","●"
"2650","MYYU",145578,"NE","●"
"2651","MYYU",145578,"NW","○"
"2652","MYYU",145578,"SE","○"
"2653","MYYU",145578,"SW","●"
"2654","MYYU",147306,"NE1","●"
"2655","MYYU",147306,"NE2","●"
"2656","MYYU",147306,"SE1","○"
"2657","MYYU",147306,"SE2","●"
"2658","MYYU",147306,"Transects",NA
"2659","MYYU",151210,"NE","●"
"2660","MYYU",175354,"SW",NA
"2661","MYYU",186330,"NE",NA
"2662","MYYU",186330,"NW",NA
"2663","MYYU",186490,"NW","○"
"2664","MYYU",186490,"SW","○"
"2665","MYYU",194666,"NE","●"
"2666","MYYU",194666,"SE1","●"
"2667","MYYU",194666,"SE2","●"
"2668","MYYU",195242,"SE","●"
"2669","MYYU",195242,"SE2","●"
"2670","MYYU",195242,"SW","●"
"2671","MYYU",195242,"SW2","●"
"2672","MYYU",195242,"SW3","●"
"2673","MYYU",206394,"NE",NA
"2674","MYYU",206394,"NW",NA
"2675","MYYU",206394,"SE",NA
"2676","MYYU",206394,"SW",NA
"2677","MYYU",212266,"NE","○"
"2678","MYYU",212266,"NW","○"
"2679","MYYU",212266,"SE","●"
"2680","MYYU",212266,"SW","●"
"2681","MYYU",212266,"Transects",NA
"2682","MYYU",212906,"NW","●"
"2683","MYYU",212906,"SE","●"
"2684","MYYU",212906,"SW","●"
"2685","MYYU",216746,"NW","●"
"2686","MYYU",216746,"SE","●"
"2687","MYYU",216746,"SW1","●"
"2688","MYYU",216746,"SW2","●"
"2689","MYYU",218282,"SE","○"
"2690","MYYU",218282,"SW","●"
"2691","MYYU",219626,"SW","●"
"2692","MYYU",230186,"NE","●"
"2693","MYYU",230186,"SE","●"
"2694","MYYU",230186,"Transects","●"
"2695","MYYU",241002,"NE","○"
"2696","MYYU",241002,"NW","●"
"2697","MYYU",241002,"Transects",NA
"2698","MYYU",243562,"NE","○"
"2699","MYYU",243562,"SE","○"
"2700","MYYU",243562,"SW2",NA
"2701","MYYU",252394,"NW","●"
"2702","MYYU",265749,"NW","●"
"2703","MYYU",265749,"SE","●"
"2704","MYYU",265749,"SW","●"
"2705","MYYU",268521,"NE","●"
"2706","MYYU",268521,"NW","○"
"2707","MYYU",268521,"SE","●"
"2708","MYYU",268521,"Transects",NA
"2709","MYYU",271731,"SE1","○"
"2710","MYYU",271731,"SE2",NA
"2711","MYYU",271731,"SW","○"
"2712","MYYU",273050,"NE","●"
"2713","MYYU",273050,"NE2","○"
"2714","MYYU",273050,"SE1","●"
"2715","MYYU",273050,"SE2","●"
"2716","MYYU",283586,"NE",NA
"2717","MYYU",283586,"NW",NA
"2718","MYYU",283586,"SE",NA
"2719","MYYU",283586,"SW",NA
"2720","MYYU",294832,"NE",NA
"2721","MYYU",294832,"NW",NA
"2722","MYYU",294832,"SE",NA
"2723","MYYU",294832,"SW",NA
"2724","MYYU",294832,"Transects",NA
"2725","MYYU",317428,"NE","○"
"2726","MYYU",317428,"NW",NA
"2727","MYYU",317428,"SE","●"
"2728","MYYU",326072,"NW","●"
"2729","MYYU",326072,"SW","●"
"2730","MYYU",326072,"Transects",NA
"2731","PAHE",986,"NE",NA
"2732","PAHE",986,"SE",NA
"2733","PAHE",1194,"NW",NA
"2734","PAHE",1194,"SW2",NA
"2735","PAHE",5994,"NE",NA
"2736","PAHE",5994,"SE",NA
"2737","PAHE",6202,"NE",NA
"2738","PAHE",6202,"SW",NA
"2739","PAHE",9466,"NE",NA
"2740","PAHE",9466,"NW",NA
"2741","PAHE",9466,"SE",NA
"2742","PAHE",9466,"SW",NA
"2743","PAHE",9466,"Transects",NA
"2744","PAHE",12522,"NW",NA
"2745","PAHE",12522,"SE",NA
"2746","PAHE",16426,"NE",NA
"2747","PAHE",16426,"SE",NA
"2748","PAHE",17706,"NW",NA
"2749","PAHE",17706,"SE",NA
"2750","PAHE",17706,"Transects",NA
"2751","PAHE",19514,"SW",NA
"2752","PAHE",20330,"NE",NA
"2753","PAHE",20330,"SE",NA
"2754","PAHE",20330,"SW1","○"
"2755","PAHE",20330,"SW2",NA
"2756","PAHE",20730,"NE",NA
"2757","PAHE",20730,"NW",NA
"2758","PAHE",20730,"SE",NA
"2759","PAHE",20730,"SW",NA
"2760","PAHE",20730,"Transects",NA
"2761","PAHE",26170,"NE",NA
"2762","PAHE",26170,"NW",NA
"2763","PAHE",26170,"SE",NA
"2764","PAHE",26170,"SW",NA
"2765","PAHE",37274,"NE",NA
"2766","PAHE",37274,"SE",NA
"2767","PAHE",37274,"SW",NA
"2768","PAHE",42026,"NE",NA
"2769","PAHE",42026,"NW",NA
"2770","PAHE",42026,"SE",NA
"2771","PAHE",42026,"SW",NA
"2772","PAHE",47210,"NE",NA
"2773","PAHE",47210,"NW",NA
"2774","PAHE",47210,"SE",NA
"2775","PAHE",47322,"NE",NA
"2776","PAHE",47322,"NW",NA
"2777","PAHE",47322,"SW",NA
"2778","PAHE",47322,"Transects",NA
"2779","PAHE",58842,"NW",NA
"2780","PAHE",58842,"SE",NA
"2781","PAHE",58842,"SW",NA
"2782","PAHE",60586,"NW",NA
"2783","PAHE",60586,"SW",NA
"2784","PAHE",60586,"Transects",NA
"2785","PAHE",70250,"NW",NA
"2786","PAHE",70250,"Transects",NA
"2787","PAHE",73002,"NE",NA
"2788","PAHE",73002,"SE",NA
"2789","PAHE",73002,"SW",NA
"2790","PAHE",73002,"Transects",NA
"2791","PAHE",73786,"NW",NA
"2792","PAHE",73786,"SE",NA
"2793","PAHE",73786,"Transects",NA
"2794","PAHE",77162,"NW1",NA
"2795","PAHE",77162,"NW2",NA
"2796","PAHE",77162,"SW",NA
"2797","PAHE",77162,"Transects",NA
"2798","PAHE",79018,"NE",NA
"2799","PAHE",79018,"NW",NA
"2800","PAHE",79018,"SE",NA
"2801","PAHE",79018,"SW",NA
"2802","PAHE",79018,"Transects",NA
"2803","PAHE",86074,"NE",NA
"2804","PAHE",86074,"SW",NA
"2805","PAHE",89962,"NE",NA
"2806","PAHE",89962,"SE",NA
"2807","PAHE",89962,"SW","○"
"2808","PAHE",93290,"NW",NA
"2809","PAHE",93290,"SE",NA
"2810","PAHE",93290,"SW",NA
"2811","PAHE",93290,"Transects",NA
"2812","PAHE",110378,"NE",NA
"2813","PAHE",110378,"NW","●"
"2814","PAHE",110378,"SE",NA
"2815","PAHE",110378,"SW",NA
"2816","PAHE",114602,"NE",NA
"2817","PAHE",114602,"NW",NA
"2818","PAHE",114602,"SE",NA
"2819","PAHE",114602,"SW",NA
"2820","PAHE",115322,"NW",NA
"2821","PAHE",115322,"SE",NA
"2822","PAHE",115322,"SW",NA
"2823","PAHE",127850,"NW",NA
"2824","PAHE",127850,"SE1",NA
"2825","PAHE",127850,"SW",NA
"2826","PAHE",132650,"SE",NA
"2827","PAHE",132650,"SW",NA
"2828","PAHE",143274,"NE",NA
"2829","PAHE",143274,"NW",NA
"2830","PAHE",143274,"SE",NA
"2831","PAHE",143274,"SW",NA
"2832","PAHE",145578,"NE",NA
"2833","PAHE",145578,"NW",NA
"2834","PAHE",145578,"SE",NA
"2835","PAHE",145578,"SW",NA
"2836","PAHE",147306,"NE1",NA
"2837","PAHE",147306,"NE2",NA
"2838","PAHE",147306,"SE1",NA
"2839","PAHE",147306,"SE2",NA
"2840","PAHE",147306,"Transects",NA
"2841","PAHE",151210,"NE",NA
"2842","PAHE",175354,"SW",NA
"2843","PAHE",186330,"NE",NA
"2844","PAHE",186330,"NW",NA
"2845","PAHE",186490,"NW",NA
"2846","PAHE",186490,"SW",NA
"2847","PAHE",194666,"NE",NA
"2848","PAHE",194666,"SE1",NA
"2849","PAHE",194666,"SE2",NA
"2850","PAHE",195242,"SE",NA
"2851","PAHE",195242,"SE2",NA
"2852","PAHE",195242,"SW",NA
"2853","PAHE",195242,"SW2",NA
"2854","PAHE",195242,"SW3",NA
"2855","PAHE",206394,"NE",NA
"2856","PAHE",206394,"NW",NA
"2857","PAHE",206394,"SE",NA
"2858","PAHE",206394,"SW",NA
"2859","PAHE",212266,"NE",NA
"2860","PAHE",212266,"NW",NA
"2861","PAHE",212266,"SE",NA
"2862","PAHE",212266,"SW",NA
"2863","PAHE",212266,"Transects",NA
"2864","PAHE",212906,"NW",NA
"2865","PAHE",212906,"SE",NA
"2866","PAHE",212906,"SW",NA
"2867","PAHE",216746,"NW",NA
"2868","PAHE",216746,"SE",NA
"2869","PAHE",216746,"SW1",NA
"2870","PAHE",216746,"SW2",NA
"2871","PAHE",218282,"SE",NA
"2872","PAHE",218282,"SW",NA
"2873","PAHE",219626,"SW",NA
"2874","PAHE",230186,"NE",NA
"2875","PAHE",230186,"SE",NA
"2876","PAHE",230186,"Transects",NA
"2877","PAHE",241002,"NE",NA
"2878","PAHE",241002,"NW",NA
"2879","PAHE",241002,"Transects",NA
"2880","PAHE",243562,"NE",NA
"2881","PAHE",243562,"SE",NA
"2882","PAHE",243562,"SW2",NA
"2883","PAHE",252394,"NW",NA
"2884","PAHE",265749,"NW",NA
"2885","PAHE",265749,"SE",NA
"2886","PAHE",265749,"SW",NA
"2887","PAHE",268521,"NE",NA
"2888","PAHE",268521,"NW",NA
"2889","PAHE",268521,"SE",NA
"2890","PAHE",268521,"Transects",NA
"2891","PAHE",271731,"SE1",NA
"2892","PAHE",271731,"SE2",NA
"2893","PAHE",271731,"SW",NA
"2894","PAHE",273050,"NE",NA
"2895","PAHE",273050,"NE2",NA
"2896","PAHE",273050,"SE1",NA
"2897","PAHE",273050,"SE2",NA
"2898","PAHE",283586,"NE",NA
"2899","PAHE",283586,"NW",NA
"2900","PAHE",283586,"SE",NA
"2901","PAHE",283586,"SW",NA
"2902","PAHE",294832,"NE",NA
"2903","PAHE",294832,"NW",NA
"2904","PAHE",294832,"SE",NA
"2905","PAHE",294832,"SW",NA
"2906","PAHE",294832,"Transects",NA
"2907","PAHE",317428,"NE",NA
"2908","PAHE",317428,"NW",NA
"2909","PAHE",317428,"SE",NA
"2910","PAHE",326072,"NW",NA
"2911","PAHE",326072,"SW",NA
"2912","PAHE",326072,"Transects",NA
